2024-10-19T18:35:00.000Z,7.07
2024-10-19T14:45:00.000Z,7
2024-10-19T14:30:00.000Z,6.09
2024-10-19T14:25:00.000Z,7.555
2024-10-19T13:45:00.000Z,8.01
2024-10-19T10:35:00.000Z,3.09
2024-10-19T10:25:00.000Z,5.03
2024-10-19T09:50:00.000Z,6.05
2024-10-19T07:40:00.000Z,8
2024-10-19T07:30:00.000Z,8.04
2024-10-19T06:15:00.000Z,17.07
2024-10-19T06:10:00.000Z,17.09
2024-10-19T05:35:00.000Z,29.07
2024-10-19T04:45:00.000Z,38
2024-10-19T03:35:00.000Z,15.045
2024-10-19T03:00:00.000Z,9.07
2024-10-19T02:55:00.000Z,11.06
2024-10-19T02:50:00.000Z,9.58
2024-10-19T02:45:00.000Z,10.04
2024-10-19T01:30:00.000Z,15
2024-10-19T01:25:00.000Z,15.544999999999998
2024-10-18T23:50:00.000Z,9.01
2024-10-18T23:45:00.000Z,8.54
2024-10-18T22:20:00.000Z,15.01
2024-10-18T22:15:00.000Z,13.08
2024-10-18T21:45:00.000Z,9.04
2024-10-18T21:30:00.000Z,11.01
2024-10-18T21:25:00.000Z,10.530000000000001
2024-10-18T21:20:00.000Z,9.059999999999999
2024-10-18T14:45:00.000Z,8.09
2024-10-18T14:25:00.000Z,7.08
2024-10-18T13:20:00.000Z,8.04
2024-10-18T11:30:00.000Z,7.05
2024-10-18T10:45:00.000Z,8.06
2024-10-18T10:00:00.000Z,8.03
2024-10-18T09:15:00.000Z,8.02
2024-10-18T08:35:00.000Z,8.03
2024-10-18T06:50:00.000Z,20.05
2024-10-18T05:30:00.000Z,21.04
2024-10-18T04:40:00.000Z,14.06
2024-10-18T04:10:00.000Z,14.07
2024-10-18T02:30:00.000Z,15.03
2024-10-18T02:20:00.000Z,17.04
2024-10-18T01:15:00.000Z,30.01
2024-10-18T01:05:00.000Z,51.03
2024-10-18T01:00:00.000Z,62.03
2024-10-17T23:55:00.000Z,49.05
2024-10-17T23:35:00.000Z,54.03
2024-10-17T23:25:00.000Z,64.01
2024-10-17T23:20:00.000Z,72.01
2024-10-17T23:15:00.000Z,70.06
2024-10-17T21:10:00.000Z,108.045
2024-10-17T20:45:00.000Z,238.01
2024-10-17T18:30:00.000Z,169.06
2024-10-17T18:20:00.000Z,136.065
2024-10-17T18:00:00.000Z,86.04
2024-10-17T17:55:00.000Z,104.08
2024-10-17T17:30:00.000Z,109.08
2024-10-17T16:40:00.000Z,13.05
2024-10-17T16:20:00.000Z,9.024999999999999
2024-10-17T16:10:00.000Z,8.03
2024-10-17T16:05:00.000Z,7.06
2024-10-17T15:55:00.000Z,6.09
2024-10-17T15:20:00.000Z,8.024999999999999
2024-10-17T15:10:00.000Z,7.02
2024-10-17T15:05:00.000Z,8
2024-10-17T14:00:00.000Z,7.08
2024-10-17T13:00:00.000Z,12.06
2024-10-17T12:55:00.000Z,13
2024-10-17T11:55:00.000Z,19
2024-10-17T11:50:00.000Z,20.02
2024-10-17T11:45:00.000Z,21.05
2024-10-17T11:20:00.000Z,22.01
2024-10-17T10:35:00.000Z,13.02
2024-10-17T10:20:00.000Z,11.09
2024-10-17T10:15:00.000Z,11.03
2024-10-17T10:05:00.000Z,11.555
2024-10-17T09:45:00.000Z,13.03
2024-10-17T09:40:00.000Z,11.05
2024-10-17T09:35:00.000Z,11.024999999999999
2024-10-17T09:25:00.000Z,10.08
2024-10-17T09:15:00.000Z,11.06
2024-10-17T09:05:00.000Z,8.02
2024-10-17T08:50:00.000Z,9.05
2024-10-17T08:45:00.000Z,6.525
2024-10-17T08:35:00.000Z,7.01
2024-10-17T08:25:00.000Z,7.02
2024-10-17T08:20:00.000Z,7.0649999999999995
2024-10-17T08:05:00.000Z,7.03
2024-10-17T07:55:00.000Z,8.03
2024-10-17T07:35:00.000Z,7.02
2024-10-17T07:30:00.000Z,6.05
2024-10-17T07:25:00.000Z,8
2024-10-17T07:20:00.000Z,6.09
2024-10-17T07:10:00.000Z,6.0649999999999995
2024-10-17T07:05:00.000Z,6.706666666666666
2024-10-17T06:55:00.000Z,6.0649999999999995
2024-10-17T06:50:00.000Z,6.0600000000000005
2024-10-17T06:45:00.000Z,6.55
2024-10-17T06:35:00.000Z,6.529999999999999
2024-10-17T06:30:00.000Z,7.03
2024-10-17T06:10:00.000Z,6.55
2024-10-17T06:05:00.000Z,6.0649999999999995
2024-10-17T05:50:00.000Z,7.05
2024-10-17T05:45:00.000Z,9.72
2024-10-17T05:40:00.000Z,9.535
2024-10-17T05:30:00.000Z,10.05
2024-10-17T05:25:00.000Z,8.08
2024-10-17T05:20:00.000Z,6.06
2024-10-17T05:15:00.000Z,7.01
2024-10-17T04:15:00.000Z,6.02
2024-10-17T04:10:00.000Z,6.043333333333333
2024-10-17T04:00:00.000Z,8.03
2024-10-17T03:55:00.000Z,8.545
2024-10-17T03:50:00.000Z,8.04
2024-10-17T03:40:00.000Z,9.024999999999999
2024-10-17T03:35:00.000Z,8.035
2024-10-17T03:30:00.000Z,7.03
2024-10-17T03:25:00.000Z,5.545
2024-10-17T03:15:00.000Z,5.574999999999999
2024-10-17T03:00:00.000Z,6
2024-10-17T02:55:00.000Z,5.696666666666666
2024-10-17T02:40:00.000Z,6.06
2024-10-17T02:35:00.000Z,6.51
2024-10-17T02:30:00.000Z,5.5600000000000005
2024-10-17T02:20:00.000Z,7.01
2024-10-17T02:15:00.000Z,6.06
2024-10-17T02:10:00.000Z,6.05
2024-10-17T02:05:00.000Z,6.515
2024-10-17T02:00:00.000Z,6.03
2024-10-17T01:35:00.000Z,6.07
2024-10-17T01:30:00.000Z,5.736666666666667
2024-10-17T01:20:00.000Z,6.04
2024-10-17T01:15:00.000Z,7.03
2024-10-17T01:10:00.000Z,7.525
2024-10-17T00:55:00.000Z,8.03
2024-10-17T00:50:00.000Z,7.555
2024-10-17T00:45:00.000Z,7.01
2024-10-17T00:40:00.000Z,6.57
2024-10-17T00:35:00.000Z,7.01
2024-10-17T00:30:00.000Z,6.58
2024-10-17T00:25:00.000Z,8.03
2024-10-17T00:20:00.000Z,8.01
2024-10-17T00:15:00.000Z,7.51
2024-10-17T00:10:00.000Z,7.05
2024-10-17T00:00:00.000Z,7.07
2024-10-16T23:55:00.000Z,8.02
2024-10-16T23:50:00.000Z,8.07
2024-10-16T23:35:00.000Z,7.529999999999999
2024-10-16T23:30:00.000Z,7.5649999999999995
2024-10-16T23:20:00.000Z,8.035
2024-10-16T23:15:00.000Z,8.065000000000001
2024-10-16T23:10:00.000Z,7.05
2024-10-16T23:05:00.000Z,7.06
2024-10-16T23:00:00.000Z,8.02
2024-10-16T22:55:00.000Z,7.716666666666666
2024-10-16T22:45:00.000Z,7.08
2024-10-16T22:40:00.000Z,8.05
2024-10-16T22:35:00.000Z,9.004999999999999
2024-10-16T22:25:00.000Z,9.05
2024-10-16T22:20:00.000Z,10
2024-10-16T22:15:00.000Z,9.03
2024-10-16T22:10:00.000Z,10.02
2024-10-16T22:05:00.000Z,10.026666666666666
2024-10-16T21:55:00.000Z,11.03
2024-10-16T21:45:00.000Z,11.06
2024-10-16T21:40:00.000Z,11.06
2024-10-16T21:35:00.000Z,13.07
2024-10-16T21:30:00.000Z,14.02
2024-10-16T21:25:00.000Z,14.02
2024-10-16T21:20:00.000Z,13.525
2024-10-16T21:15:00.000Z,14.04
2024-10-16T21:10:00.000Z,14.545
2024-10-16T21:05:00.000Z,14.065
2024-10-16T21:00:00.000Z,16
2024-10-16T20:55:00.000Z,15.085
2024-10-16T20:50:00.000Z,18.07
2024-10-16T20:45:00.000Z,19
2024-10-16T20:35:00.000Z,21.02
2024-10-16T20:25:00.000Z,27.06
2024-10-16T20:20:00.000Z,43.04
2024-10-16T20:15:00.000Z,45.08
2024-10-16T20:10:00.000Z,32.04
2024-10-16T20:05:00.000Z,25.02
2024-10-16T19:55:00.000Z,31.06
2024-10-16T19:50:00.000Z,24.07
2024-10-16T19:45:00.000Z,24.52
2024-10-16T19:40:00.000Z,17.06
2024-10-16T19:35:00.000Z,17.035
2024-10-16T19:25:00.000Z,17.04
2024-10-16T19:20:00.000Z,16.57
2024-10-16T19:15:00.000Z,16.035
2024-10-16T18:55:00.000Z,17.555
2024-10-16T18:50:00.000Z,18.549999999999997
2024-10-16T18:25:00.000Z,18.03
2024-10-16T18:20:00.000Z,16.564999999999998
2024-10-16T18:15:00.000Z,17.01
2024-10-16T18:10:00.000Z,18.08
2024-10-16T18:05:00.000Z,16.06
2024-10-16T18:00:00.000Z,16.09
2024-10-16T17:55:00.000Z,15.515
2024-10-16T17:50:00.000Z,16.03
2024-10-16T17:45:00.000Z,17.009999999999998
2024-10-16T17:40:00.000Z,15.575
2024-10-16T17:35:00.000Z,16.02
2024-10-16T17:30:00.000Z,15.085
2024-10-16T17:25:00.000Z,14.01
2024-10-16T17:15:00.000Z,12.01
2024-10-16T17:10:00.000Z,11.57
2024-10-16T17:05:00.000Z,13.07
2024-10-16T17:00:00.000Z,11.57
2024-10-16T16:55:00.000Z,10.08
2024-10-16T16:50:00.000Z,11.03
2024-10-16T16:45:00.000Z,10.56
2024-10-16T16:40:00.000Z,11.045
2024-10-16T16:20:00.000Z,12.07
2024-10-16T16:10:00.000Z,12.03
2024-10-16T16:05:00.000Z,12.09
2024-10-16T16:00:00.000Z,14.03
2024-10-16T15:35:00.000Z,13.535
2024-10-16T15:25:00.000Z,14.08
2024-10-16T15:15:00.000Z,15
2024-10-16T15:05:00.000Z,16.02
2024-10-16T15:00:00.000Z,15.713333333333333
2024-10-16T14:50:00.000Z,15.065000000000001
2024-10-16T14:45:00.000Z,15.05
2024-10-16T14:35:00.000Z,16.04
2024-10-16T14:30:00.000Z,16.05
2024-10-16T14:25:00.000Z,16.08
2024-10-16T14:20:00.000Z,17.56
2024-10-16T14:15:00.000Z,18
2024-10-16T14:10:00.000Z,15.57
2024-10-16T14:00:00.000Z,17.035
2024-10-16T13:50:00.000Z,19.055
2024-10-16T13:45:00.000Z,18.03
2024-10-16T13:40:00.000Z,19.045
2024-10-16T13:35:00.000Z,18.545
2024-10-16T13:30:00.000Z,18.54
2024-10-16T13:25:00.000Z,19.09
2024-10-16T13:20:00.000Z,17.56
2024-10-16T13:15:00.000Z,18.01
2024-10-16T13:10:00.000Z,19.02
2024-10-16T13:05:00.000Z,19.525
2024-10-16T12:55:00.000Z,19.09
2024-10-16T12:50:00.000Z,19.05
2024-10-16T12:45:00.000Z,19.05
2024-10-16T12:40:00.000Z,20.535
2024-10-16T12:35:00.000Z,18.02
2024-10-16T12:30:00.000Z,18.686666666666667
2024-10-16T12:25:00.000Z,20.02
2024-10-16T12:15:00.000Z,19.03
2024-10-16T12:05:00.000Z,19.08
2024-10-16T12:00:00.000Z,19.06
2024-10-16T11:55:00.000Z,20.04
2024-10-16T11:50:00.000Z,18.08
2024-10-16T11:45:00.000Z,20.53
2024-10-16T11:25:00.000Z,21.009999999999998
2024-10-16T11:20:00.000Z,20.545
2024-10-16T11:15:00.000Z,20.08
2024-10-16T11:10:00.000Z,19.56
2024-10-16T11:05:00.000Z,21.025
2024-10-16T11:00:00.000Z,21.07
2024-10-16T10:55:00.000Z,21.54
2024-10-16T10:50:00.000Z,20.049999999999997
2024-10-16T10:45:00.000Z,21.01
2024-10-16T10:40:00.000Z,21.5
2024-10-16T10:35:00.000Z,19.09
2024-10-16T10:30:00.000Z,20.555
2024-10-16T10:25:00.000Z,20.560000000000002
2024-10-16T10:20:00.000Z,20.545
2024-10-16T10:15:00.000Z,19.564999999999998
2024-10-16T10:10:00.000Z,19.53
2024-10-16T10:05:00.000Z,19.02
2024-10-16T10:00:00.000Z,19.005000000000003
2024-10-16T09:55:00.000Z,18.07
2024-10-16T09:50:00.000Z,17.743333333333336
2024-10-16T09:45:00.000Z,17.09
2024-10-16T09:40:00.000Z,17.085
2024-10-16T09:35:00.000Z,17.560000000000002
2024-10-16T09:30:00.000Z,19.04
2024-10-16T09:25:00.000Z,19.03
2024-10-16T09:20:00.000Z,18.545
2024-10-16T09:15:00.000Z,19.049999999999997
2024-10-16T09:10:00.000Z,18.046666666666667
2024-10-16T09:05:00.000Z,17.05
2024-10-16T09:00:00.000Z,17.04
2024-10-16T08:55:00.000Z,16.085
2024-10-16T08:50:00.000Z,16.373333333333335
2024-10-16T08:45:00.000Z,16.06
2024-10-16T08:40:00.000Z,17.005000000000003
2024-10-16T08:35:00.000Z,15.54
2024-10-16T08:30:00.000Z,15.02
2024-10-16T08:25:00.000Z,16.009999999999998
2024-10-16T08:20:00.000Z,17.05
2024-10-16T08:10:00.000Z,14.01
2024-10-16T08:05:00.000Z,15.030000000000001
2024-10-16T07:55:00.000Z,15.03
2024-10-16T07:50:00.000Z,13.06
2024-10-16T07:20:00.000Z,13.06
2024-10-16T06:50:00.000Z,15.04
2024-10-16T06:25:00.000Z,15.01
2024-10-16T06:15:00.000Z,15.06
2024-10-16T06:10:00.000Z,14.05
2024-10-16T06:00:00.000Z,14.03
2024-10-16T05:55:00.000Z,13.03
2024-10-16T05:45:00.000Z,13.09
2024-10-16T05:40:00.000Z,12.54
2024-10-16T05:35:00.000Z,12.09
2024-10-16T05:30:00.000Z,13.05
2024-10-16T05:25:00.000Z,12.06
2024-10-16T05:10:00.000Z,12.07
2024-10-16T05:00:00.000Z,13.07
2024-10-16T04:35:00.000Z,20.01
2024-10-16T04:30:00.000Z,19.535
2024-10-16T04:10:00.000Z,20.09
2024-10-16T04:00:00.000Z,23.04
2024-10-16T03:55:00.000Z,24.02
2024-10-16T03:50:00.000Z,23.545
2024-10-16T03:10:00.000Z,28.06
2024-10-16T03:05:00.000Z,28.02
2024-10-16T02:50:00.000Z,25.06
2024-10-16T02:45:00.000Z,23.07
2024-10-16T02:40:00.000Z,21
2024-10-16T02:30:00.000Z,20.01
2024-10-16T02:15:00.000Z,14.05
2024-10-16T02:10:00.000Z,14.05
2024-10-16T02:05:00.000Z,13.08
2024-10-16T02:00:00.000Z,13.06
2024-10-16T01:45:00.000Z,11.02
2024-10-16T01:40:00.000Z,10.05
2024-10-16T01:10:00.000Z,8
2024-10-16T00:35:00.000Z,8.035
2024-10-16T00:10:00.000Z,7.06
2024-10-15T23:55:00.000Z,7.05
2024-10-15T23:50:00.000Z,7.01
2024-10-15T23:45:00.000Z,7.05
2024-10-15T23:40:00.000Z,8
2024-10-15T22:55:00.000Z,13.07
2024-10-15T22:40:00.000Z,13.05
2024-10-15T22:35:00.000Z,14.05
2024-10-15T22:30:00.000Z,14.065
2024-10-15T22:25:00.000Z,15.02
2024-10-15T22:20:00.000Z,13.07
2024-10-15T22:15:00.000Z,14.07
2024-10-15T22:05:00.000Z,20.03
2024-10-15T22:00:00.000Z,49.025000000000006
2024-10-15T21:45:00.000Z,16.05
2024-10-15T21:40:00.000Z,26.009999999999998
2024-10-15T21:35:00.000Z,25.545
2024-10-15T21:30:00.000Z,22.02
2024-10-15T21:25:00.000Z,11.51
2024-10-15T21:20:00.000Z,11.02
2024-10-15T21:05:00.000Z,10.36
2024-10-15T21:00:00.000Z,10.04
2024-10-15T20:55:00.000Z,9.075
2024-10-15T20:45:00.000Z,8.56
2024-10-15T20:10:00.000Z,9.06
2024-10-15T19:55:00.000Z,9.06
2024-10-15T19:50:00.000Z,10.03
2024-10-15T19:20:00.000Z,12.06
2024-10-15T19:15:00.000Z,14.04
2024-10-15T19:10:00.000Z,11.04
2024-10-15T19:05:00.000Z,12.04
2024-10-15T19:00:00.000Z,11.05
2024-10-15T18:55:00.000Z,11.525
2024-10-15T18:45:00.000Z,13.01
2024-10-15T18:40:00.000Z,12.02
2024-10-15T18:30:00.000Z,10.09
2024-10-15T18:15:00.000Z,13.01
2024-10-15T18:10:00.000Z,14.01
2024-10-15T18:05:00.000Z,12.545
2024-10-15T17:55:00.000Z,12.08
2024-10-15T17:45:00.000Z,12.04
2024-10-15T17:05:00.000Z,11.09
2024-10-15T16:35:00.000Z,13.07
2024-10-15T16:25:00.000Z,14.04
2024-10-15T16:20:00.000Z,13
2024-10-15T14:30:00.000Z,14.59
2024-10-15T14:20:00.000Z,15.03
2024-10-15T14:00:00.000Z,16.07
2024-10-15T13:55:00.000Z,16.08
2024-10-15T13:50:00.000Z,16.02
2024-10-15T13:25:00.000Z,16.535
2024-10-15T13:20:00.000Z,16.07
2024-10-15T13:00:00.000Z,16.01
2024-10-15T12:50:00.000Z,16.363333333333333
2024-10-15T12:45:00.000Z,17.01
2024-10-15T12:40:00.000Z,16.54
2024-10-15T12:30:00.000Z,16
2024-10-15T12:20:00.000Z,16.07
2024-10-15T11:35:00.000Z,18.02
2024-10-15T11:30:00.000Z,16.08
2024-10-15T11:10:00.000Z,16.08
2024-10-15T11:00:00.000Z,17.04
2024-10-15T10:40:00.000Z,17.08
2024-10-15T10:35:00.000Z,18.06
2024-10-15T09:30:00.000Z,21.03
2024-10-15T09:25:00.000Z,21.049999999999997
2024-10-15T09:15:00.000Z,25.01
2024-10-15T08:55:00.000Z,24.045
2024-10-15T08:40:00.000Z,25.04
2024-10-15T08:35:00.000Z,26.03
2024-10-15T08:30:00.000Z,25.05
2024-10-15T08:25:00.000Z,28.07
2024-10-15T08:20:00.000Z,28.05
2024-10-15T08:10:00.000Z,26.02
2024-10-15T07:55:00.000Z,25.02
2024-10-15T07:50:00.000Z,22.08
2024-10-15T07:45:00.000Z,21.57
2024-10-15T07:40:00.000Z,23.03
2024-10-15T07:25:00.000Z,19.09
2024-10-15T07:20:00.000Z,20.06
2024-10-15T07:15:00.000Z,20.045
2024-10-15T07:05:00.000Z,20.05
2024-10-15T06:50:00.000Z,24.04
2024-10-15T06:35:00.000Z,18.07
2024-10-15T06:25:00.000Z,17.045
2024-10-15T06:20:00.000Z,17.5
2024-10-15T06:15:00.000Z,16.08
2024-10-15T06:10:00.000Z,16.09
2024-10-15T06:05:00.000Z,16.08
2024-10-15T06:00:00.000Z,16.064999999999998
2024-10-15T05:55:00.000Z,17.09
2024-10-15T05:40:00.000Z,16.05
2024-10-15T05:35:00.000Z,16
2024-10-15T05:30:00.000Z,17.05
2024-10-15T05:20:00.000Z,17
2024-10-15T05:15:00.000Z,15.525
2024-10-15T05:10:00.000Z,16.564999999999998
2024-10-15T05:05:00.000Z,14.03
2024-10-15T05:00:00.000Z,14.504999999999999
2024-10-15T04:55:00.000Z,14.07
2024-10-15T04:50:00.000Z,15.08
2024-10-15T04:30:00.000Z,11.05
2024-10-15T04:25:00.000Z,11.08
2024-10-15T04:20:00.000Z,14
2024-10-15T04:15:00.000Z,12.09
2024-10-15T04:00:00.000Z,13.06
2024-10-15T03:55:00.000Z,12.08
2024-10-15T03:50:00.000Z,14.03
2024-10-15T03:40:00.000Z,14.045
2024-10-15T03:35:00.000Z,14.706666666666665
2024-10-15T03:30:00.000Z,15.06
2024-10-15T03:15:00.000Z,18.06
2024-10-15T03:10:00.000Z,18.02
2024-10-15T02:55:00.000Z,19.04
2024-10-15T02:45:00.000Z,18.58
2024-10-15T02:40:00.000Z,24.03
2024-10-15T02:30:00.000Z,26.706666666666663
2024-10-15T02:25:00.000Z,28.01
2024-10-15T02:20:00.000Z,30
2024-10-15T02:15:00.000Z,31.04
2024-10-15T01:50:00.000Z,29.05
2024-10-15T01:35:00.000Z,28.58
2024-10-15T01:30:00.000Z,30.02
2024-10-15T01:25:00.000Z,29.08
2024-10-15T01:15:00.000Z,29.04
2024-10-15T01:10:00.000Z,27.08
2024-10-15T01:05:00.000Z,26.01
2024-10-15T00:50:00.000Z,25.03
2024-10-15T00:45:00.000Z,24.55
2024-10-15T00:40:00.000Z,23.7
2024-10-15T00:30:00.000Z,22.01
2024-10-15T00:20:00.000Z,21.03
2024-10-15T00:15:00.000Z,22.01
2024-10-15T00:05:00.000Z,21.04
2024-10-14T23:55:00.000Z,21.03
2024-10-14T23:45:00.000Z,21.05
2024-10-14T23:30:00.000Z,22.08
2024-10-14T23:25:00.000Z,23
2024-10-14T23:20:00.000Z,25.06
2024-10-14T23:15:00.000Z,25
2024-10-14T23:10:00.000Z,25.01
2024-10-14T23:05:00.000Z,27.06
2024-10-14T22:55:00.000Z,27.05
2024-10-14T22:50:00.000Z,28.06
2024-10-14T22:45:00.000Z,28
2024-10-14T22:35:00.000Z,27.02
2024-10-14T22:25:00.000Z,28.549999999999997
2024-10-14T22:20:00.000Z,30.08
2024-10-14T22:15:00.000Z,27.08
2024-10-14T22:10:00.000Z,31.525
2024-10-14T21:45:00.000Z,30.09
2024-10-14T21:40:00.000Z,20.035
2024-10-14T20:55:00.000Z,11.02
2024-10-14T20:45:00.000Z,12.383333333333333
2024-10-14T20:20:00.000Z,13.04
2024-10-14T20:15:00.000Z,11.559999999999999
2024-10-14T20:10:00.000Z,10.09
2024-10-14T20:05:00.000Z,11.01
2024-10-14T19:55:00.000Z,10.545
2024-10-14T19:50:00.000Z,11.01
2024-10-14T19:30:00.000Z,10.06
2024-10-14T19:00:00.000Z,10.04
2024-10-14T18:55:00.000Z,9.08
2024-10-14T18:50:00.000Z,8.05
2024-10-14T17:45:00.000Z,16.060000000000002
2024-10-14T17:30:00.000Z,21.05
2024-10-14T17:25:00.000Z,24.05
2024-10-14T17:15:00.000Z,28.01
2024-10-14T16:55:00.000Z,27
2024-10-14T16:25:00.000Z,34.70333333333334
2024-10-14T16:20:00.000Z,29.01
2024-10-14T16:00:00.000Z,19.02
2024-10-14T15:55:00.000Z,19.01
2024-10-14T15:30:00.000Z,40.525
2024-10-14T15:25:00.000Z,15.07
2024-10-14T15:20:00.000Z,15.05
2024-10-14T15:00:00.000Z,14
2024-10-14T14:55:00.000Z,15.55
2024-10-14T14:05:00.000Z,17.06
2024-10-14T14:00:00.000Z,17.01
2024-10-14T13:35:00.000Z,17.01
2024-10-14T13:30:00.000Z,16.545
2024-10-14T13:25:00.000Z,16.515
2024-10-14T13:05:00.000Z,16.04
2024-10-14T12:50:00.000Z,15.08
2024-10-14T12:40:00.000Z,16.09
2024-10-14T12:00:00.000Z,15.09
2024-10-14T11:25:00.000Z,19.06
2024-10-14T11:10:00.000Z,18.06
2024-10-14T11:00:00.000Z,17.06
2024-10-14T10:55:00.000Z,20.585
2024-10-14T10:40:00.000Z,16.505000000000003
2024-10-14T10:20:00.000Z,15.01
2024-10-14T09:55:00.000Z,18.54
2024-10-14T09:25:00.000Z,13.09
2024-10-14T09:20:00.000Z,14.700000000000001
2024-10-14T08:50:00.000Z,15.03
2024-10-14T08:35:00.000Z,13.09
2024-10-14T08:25:00.000Z,15.035
2024-10-14T08:20:00.000Z,14.06
2024-10-14T08:15:00.000Z,14
2024-10-14T08:00:00.000Z,14.05
2024-10-14T07:55:00.000Z,15.08
2024-10-14T07:45:00.000Z,12.08
2024-10-14T07:40:00.000Z,14.03
2024-10-14T07:30:00.000Z,13.09
2024-10-14T07:25:00.000Z,13.09
2024-10-14T07:15:00.000Z,15.04
2024-10-14T06:10:00.000Z,16.01
2024-10-14T06:05:00.000Z,17.564999999999998
2024-10-14T06:00:00.000Z,17.01
2024-10-14T05:55:00.000Z,19.04
2024-10-14T05:40:00.000Z,22.045
2024-10-14T05:35:00.000Z,27
2024-10-14T05:00:00.000Z,20
2024-10-14T04:55:00.000Z,25.05
2024-10-14T04:50:00.000Z,26.064999999999998
2024-10-14T04:45:00.000Z,24.57
2024-10-14T04:30:00.000Z,24.049999999999997
2024-10-14T04:20:00.000Z,19.02
2024-10-14T04:15:00.000Z,21
2024-10-14T04:10:00.000Z,18.04
2024-10-14T03:55:00.000Z,17.535
2024-10-14T03:50:00.000Z,18.06
2024-10-14T03:40:00.000Z,18.03
2024-10-14T03:10:00.000Z,20.02
2024-10-14T03:05:00.000Z,22.07
2024-10-14T02:55:00.000Z,16.05
2024-10-14T02:45:00.000Z,16.02
2024-10-14T02:40:00.000Z,15.03
2024-10-14T02:35:00.000Z,16.05
2024-10-14T02:25:00.000Z,16.535
2024-10-14T02:15:00.000Z,15.54
2024-10-14T02:00:00.000Z,16.02
2024-10-14T01:55:00.000Z,16.07
2024-10-14T01:50:00.000Z,17
2024-10-14T01:45:00.000Z,17.01
2024-10-14T01:40:00.000Z,16.38
2024-10-14T01:30:00.000Z,16.05
2024-10-14T01:25:00.000Z,15.05
2024-10-14T01:20:00.000Z,17.03
2024-10-14T00:55:00.000Z,15.075
2024-10-14T00:45:00.000Z,16.04
2024-10-14T00:40:00.000Z,15.09
2024-10-14T00:30:00.000Z,15.04
2024-10-14T00:20:00.000Z,15.06
2024-10-14T00:15:00.000Z,16.515
2024-10-13T23:55:00.000Z,16.01
2024-10-13T23:50:00.000Z,16.564999999999998
2024-10-13T23:40:00.000Z,16.06
2024-10-13T23:25:00.000Z,17.07
2024-10-13T23:05:00.000Z,18.505000000000003
2024-10-13T23:00:00.000Z,16.549999999999997
2024-10-13T22:55:00.000Z,18.54
2024-10-13T22:45:00.000Z,17.06
2024-10-13T22:40:00.000Z,22.01
2024-10-13T22:35:00.000Z,23.02
2024-10-13T22:30:00.000Z,23.05
2024-10-13T22:20:00.000Z,26.020000000000003
2024-10-13T22:15:00.000Z,29.03
2024-10-13T22:05:00.000Z,30.08
2024-10-13T21:45:00.000Z,32.58
2024-10-13T21:35:00.000Z,40.04
2024-10-13T21:30:00.000Z,40.575
2024-10-13T21:15:00.000Z,36.01
2024-10-13T21:00:00.000Z,48.03
2024-10-13T20:20:00.000Z,43.05
2024-10-13T20:15:00.000Z,40.07
2024-10-13T19:45:00.000Z,34.05
2024-10-13T19:35:00.000Z,39.040000000000006
2024-10-13T19:30:00.000Z,43.06
2024-10-13T19:20:00.000Z,39.52
2024-10-13T19:15:00.000Z,41.05
2024-10-13T19:10:00.000Z,46.01
2024-10-13T18:45:00.000Z,60.07
2024-10-13T18:25:00.000Z,79.01
2024-10-13T18:05:00.000Z,97.01
2024-10-13T17:20:00.000Z,93.00999999999999
2024-10-13T16:50:00.000Z,36.03
2024-10-13T16:35:00.000Z,32
2024-10-13T16:15:00.000Z,22
2024-10-13T15:55:00.000Z,19.06
2024-10-13T15:35:00.000Z,18.08
2024-10-13T14:20:00.000Z,17.53
2024-10-13T13:35:00.000Z,16.09
2024-10-13T13:25:00.000Z,16.04
2024-10-13T12:45:00.000Z,15.079999999999998
2024-10-13T12:40:00.000Z,14.55
2024-10-13T12:30:00.000Z,15.52
2024-10-13T12:25:00.000Z,15.05
2024-10-13T12:20:00.000Z,16.043333333333333
2024-10-13T11:50:00.000Z,15.53
2024-10-13T11:45:00.000Z,16.09
2024-10-13T11:40:00.000Z,16.52
2024-10-13T11:35:00.000Z,17.06
2024-10-13T11:30:00.000Z,14.09
2024-10-13T11:20:00.000Z,14.585
2024-10-13T11:15:00.000Z,16.05
2024-10-13T11:05:00.000Z,16
2024-10-13T11:00:00.000Z,16.025
2024-10-13T10:30:00.000Z,17.01
2024-10-13T09:45:00.000Z,13.015
2024-10-13T09:25:00.000Z,14.01
2024-10-13T09:10:00.000Z,12
2024-10-13T09:00:00.000Z,12.08
2024-10-13T08:55:00.000Z,13.545
2024-10-13T08:45:00.000Z,13.5
2024-10-13T08:40:00.000Z,13.08
2024-10-13T08:35:00.000Z,13.07
2024-10-13T08:30:00.000Z,15.04
2024-10-13T08:25:00.000Z,14.555
2024-10-13T08:20:00.000Z,15.55
2024-10-13T07:40:00.000Z,12.58
2024-10-13T07:35:00.000Z,12.58
2024-10-13T07:15:00.000Z,13.04
2024-10-13T07:10:00.000Z,12.05
2024-10-13T07:00:00.000Z,14
2024-10-13T06:45:00.000Z,13.01
2024-10-13T06:35:00.000Z,15.02
2024-10-13T06:20:00.000Z,13.09
2024-10-13T06:15:00.000Z,13.02
2024-10-13T06:10:00.000Z,14.03
2024-10-13T06:00:00.000Z,13.07
2024-10-13T05:50:00.000Z,13.08
2024-10-13T05:45:00.000Z,14
2024-10-13T05:40:00.000Z,13.09
2024-10-13T05:30:00.000Z,13.06
2024-10-13T04:45:00.000Z,14.09
2024-10-13T04:30:00.000Z,17.015
2024-10-13T04:20:00.000Z,17.03
2024-10-13T04:10:00.000Z,18.02
2024-10-13T04:05:00.000Z,15.09
2024-10-13T04:00:00.000Z,16
2024-10-13T03:55:00.000Z,16.01
2024-10-13T03:50:00.000Z,16.54
2024-10-13T03:45:00.000Z,15.08
2024-10-13T03:35:00.000Z,14.05
2024-10-13T03:30:00.000Z,15.06
2024-10-13T03:25:00.000Z,14.04
2024-10-13T03:20:00.000Z,14.035
2024-10-13T03:05:00.000Z,14.05
2024-10-13T03:00:00.000Z,13.045
2024-10-13T02:50:00.000Z,13.09
2024-10-13T02:40:00.000Z,13.04
2024-10-13T02:30:00.000Z,13.06
2024-10-13T02:25:00.000Z,14.01
2024-10-13T02:20:00.000Z,12.53
2024-10-13T02:10:00.000Z,13
2024-10-13T02:05:00.000Z,13.09
2024-10-13T01:50:00.000Z,12.03
2024-10-13T01:45:00.000Z,12.57
2024-10-13T01:40:00.000Z,12.08
2024-10-13T01:25:00.000Z,13.07
2024-10-13T01:00:00.000Z,14.01
2024-10-13T00:55:00.000Z,12.585
2024-10-13T00:50:00.000Z,14.515
2024-10-13T00:45:00.000Z,14.03
2024-10-13T00:40:00.000Z,15.01
2024-10-13T00:35:00.000Z,14.04
2024-10-13T00:30:00.000Z,15.035
2024-10-13T00:25:00.000Z,14.57
2024-10-13T00:15:00.000Z,14.07
2024-10-13T00:05:00.000Z,14.575
2024-10-12T23:45:00.000Z,14.55
2024-10-12T23:20:00.000Z,16.03
2024-10-12T23:15:00.000Z,15.04
2024-10-12T23:05:00.000Z,15.07
2024-10-12T22:55:00.000Z,17.55
2024-10-12T22:50:00.000Z,15.07
2024-10-12T22:30:00.000Z,14.08
2024-10-12T22:25:00.000Z,15.065
2024-10-12T22:20:00.000Z,15.07
2024-10-12T22:10:00.000Z,16.03
2024-10-12T22:05:00.000Z,17.03
2024-10-12T22:00:00.000Z,17.03
2024-10-12T21:55:00.000Z,17.03
2024-10-12T21:45:00.000Z,17
2024-10-12T21:40:00.000Z,17.03
2024-10-12T21:30:00.000Z,20
2024-10-12T21:20:00.000Z,18.57
2024-10-12T21:10:00.000Z,20.05
2024-10-12T21:05:00.000Z,22
2024-10-12T20:55:00.000Z,19.03
2024-10-12T20:40:00.000Z,25
2024-10-12T20:35:00.000Z,27.02
2024-10-12T20:30:00.000Z,26.07
2024-10-12T20:25:00.000Z,27.575
2024-10-12T20:15:00.000Z,29.05
2024-10-12T20:10:00.000Z,38.08
2024-10-12T19:45:00.000Z,34.08
2024-10-12T19:20:00.000Z,24.01
2024-10-12T19:15:00.000Z,22.564999999999998
2024-10-12T19:00:00.000Z,26.08
2024-10-12T18:55:00.000Z,21.07
2024-10-12T18:35:00.000Z,27.07
2024-10-12T18:30:00.000Z,34.545
2024-10-12T18:25:00.000Z,32.09
2024-10-12T18:20:00.000Z,31.05
2024-10-12T18:15:00.000Z,43.08
2024-10-12T17:50:00.000Z,26.53
2024-10-12T17:45:00.000Z,26.04
2024-10-12T17:35:00.000Z,72.08
2024-10-12T17:20:00.000Z,31.545
2024-10-12T17:10:00.000Z,21.02
2024-10-12T17:00:00.000Z,20.01
2024-10-12T16:40:00.000Z,31.04
2024-10-12T16:25:00.000Z,18.07
2024-10-12T16:20:00.000Z,17.05
2024-10-12T16:10:00.000Z,19.04
2024-10-12T16:00:00.000Z,11.559999999999999
2024-10-12T15:25:00.000Z,8.07
2024-10-12T15:10:00.000Z,9.383333333333333
2024-10-12T14:50:00.000Z,8.545
2024-10-12T14:45:00.000Z,8.09
2024-10-12T14:40:00.000Z,8.07
2024-10-12T14:30:00.000Z,10.02
2024-10-12T14:20:00.000Z,10.05
2024-10-12T14:15:00.000Z,9.09
2024-10-12T14:10:00.000Z,9.58
2024-10-12T13:50:00.000Z,10.01
2024-10-12T13:40:00.000Z,9.01
2024-10-12T13:30:00.000Z,9.524999999999999
2024-10-12T13:10:00.000Z,10.04
2024-10-12T13:00:00.000Z,9.07
2024-10-12T12:50:00.000Z,10.03
2024-10-12T12:40:00.000Z,9.530000000000001
2024-10-12T12:25:00.000Z,9.555
2024-10-12T12:20:00.000Z,10.05
2024-10-12T12:15:00.000Z,10.565000000000001
2024-10-12T12:05:00.000Z,10.06
2024-10-12T12:00:00.000Z,9.04
2024-10-12T11:50:00.000Z,10.01
2024-10-12T11:45:00.000Z,11.01
2024-10-12T11:35:00.000Z,9.04
2024-10-12T11:30:00.000Z,9.565000000000001
2024-10-12T11:25:00.000Z,10.07
2024-10-12T11:10:00.000Z,10.05
2024-10-12T11:05:00.000Z,10.02
2024-10-12T10:55:00.000Z,10.08
2024-10-12T10:50:00.000Z,10.04
2024-10-12T10:45:00.000Z,10.535
2024-10-12T10:40:00.000Z,10.09
2024-10-12T10:20:00.000Z,10.04
2024-10-12T10:10:00.000Z,10.05
2024-10-12T09:55:00.000Z,10.01
2024-10-12T09:40:00.000Z,10.05
2024-10-12T09:35:00.000Z,12.04
2024-10-12T09:25:00.000Z,12.06
2024-10-12T09:20:00.000Z,12.08
2024-10-12T08:50:00.000Z,14
2024-10-12T08:40:00.000Z,18
2024-10-12T08:25:00.000Z,16.06
2024-10-12T08:15:00.000Z,19.08
2024-10-12T08:10:00.000Z,20.05
2024-10-12T08:05:00.000Z,19.06
2024-10-12T07:45:00.000Z,24.04
2024-10-12T07:40:00.000Z,23.03
2024-10-12T07:35:00.000Z,21.08
2024-10-12T07:30:00.000Z,21.060000000000002
2024-10-12T07:20:00.000Z,14.09
2024-10-12T07:00:00.000Z,15.04
2024-10-12T06:45:00.000Z,19
2024-10-12T06:40:00.000Z,22.03
2024-10-12T06:30:00.000Z,38.05
2024-10-12T06:25:00.000Z,36.05
2024-10-12T06:20:00.000Z,36.085
2024-10-12T06:15:00.000Z,36.06
2024-10-12T05:50:00.000Z,41.04
2024-10-12T05:40:00.000Z,43.565
2024-10-12T05:25:00.000Z,39.08
2024-10-12T05:20:00.000Z,41.015
2024-10-12T05:15:00.000Z,40
2024-10-12T05:10:00.000Z,41.040000000000006
2024-10-12T05:00:00.000Z,45.04
2024-10-12T04:55:00.000Z,47.04
2024-10-12T04:50:00.000Z,54.09
2024-10-12T04:45:00.000Z,44
2024-10-12T04:40:00.000Z,43.045
2024-10-12T04:35:00.000Z,40.05
2024-10-12T04:30:00.000Z,43.56
2024-10-12T04:25:00.000Z,56.04
2024-10-12T04:20:00.000Z,47.015
2024-10-12T04:15:00.000Z,41.05
2024-10-12T04:10:00.000Z,40.525
2024-10-12T03:55:00.000Z,33.72666666666667
2024-10-12T03:50:00.000Z,38.07
2024-10-12T03:45:00.000Z,41.06
2024-10-12T03:40:00.000Z,33.06
2024-10-12T03:35:00.000Z,31.09
2024-10-12T03:30:00.000Z,32.06
2024-10-12T03:20:00.000Z,30.7
2024-10-12T03:15:00.000Z,31
2024-10-12T03:05:00.000Z,30.03
2024-10-12T02:55:00.000Z,31.04
2024-10-12T02:50:00.000Z,30.04
2024-10-12T02:45:00.000Z,30.549999999999997
2024-10-12T02:40:00.000Z,30.05
2024-10-12T02:30:00.000Z,31.52
2024-10-12T02:25:00.000Z,30.09
2024-10-12T02:15:00.000Z,36.03
2024-10-12T02:00:00.000Z,32.055
2024-10-12T01:55:00.000Z,29.07
2024-10-12T01:45:00.000Z,27.09
2024-10-12T01:40:00.000Z,29.525
2024-10-12T01:35:00.000Z,29.585
2024-10-12T01:30:00.000Z,32.05
2024-10-12T01:25:00.000Z,33.05
2024-10-12T01:15:00.000Z,39.01
2024-10-12T01:05:00.000Z,30.549999999999997
2024-10-12T01:00:00.000Z,33.035
2024-10-12T00:55:00.000Z,29.025
2024-10-12T00:40:00.000Z,30.520000000000003
2024-10-12T00:35:00.000Z,29.04
2024-10-12T00:30:00.000Z,27.09
2024-10-12T00:25:00.000Z,29.02
2024-10-12T00:20:00.000Z,28.025
2024-10-12T00:15:00.000Z,28.06
2024-10-12T00:10:00.000Z,28.03
2024-10-12T00:00:00.000Z,27.05
2024-10-11T23:50:00.000Z,29.055
2024-10-11T23:45:00.000Z,29.03
2024-10-11T23:35:00.000Z,29.07
2024-10-11T23:30:00.000Z,28.09
2024-10-11T23:25:00.000Z,29.05
2024-10-11T23:15:00.000Z,28.07
2024-10-11T23:10:00.000Z,27.07
2024-10-11T23:05:00.000Z,28.09
2024-10-11T23:00:00.000Z,29
2024-10-11T22:55:00.000Z,28.09
2024-10-11T22:50:00.000Z,26.05
2024-10-11T22:45:00.000Z,27.09
2024-10-11T22:40:00.000Z,27.035
2024-10-11T22:30:00.000Z,28.02
2024-10-11T22:25:00.000Z,28.035
2024-10-11T22:15:00.000Z,32.03
2024-10-11T22:10:00.000Z,30.02
2024-10-11T22:05:00.000Z,31.08
2024-10-11T22:00:00.000Z,33.03
2024-10-11T21:55:00.000Z,40.01
2024-10-11T21:35:00.000Z,27.07
2024-10-11T21:30:00.000Z,30.08
2024-10-11T21:10:00.000Z,30.03
2024-10-11T21:05:00.000Z,28.53
2024-10-11T20:55:00.000Z,33.07
2024-10-11T20:50:00.000Z,31
2024-10-11T20:35:00.000Z,31.07
2024-10-11T20:30:00.000Z,31.07
2024-10-11T20:25:00.000Z,34.06
2024-10-11T20:20:00.000Z,62.07
2024-10-11T20:15:00.000Z,34.04
2024-10-11T20:00:00.000Z,28.564999999999998
2024-10-11T19:55:00.000Z,31.05
2024-10-11T19:50:00.000Z,32.06
2024-10-11T19:45:00.000Z,31.05
2024-10-11T19:40:00.000Z,35.54
2024-10-11T19:30:00.000Z,30
2024-10-11T19:15:00.000Z,26.535
2024-10-11T19:10:00.000Z,29
2024-10-11T19:05:00.000Z,35.545
2024-10-11T18:55:00.000Z,32.05
2024-10-11T18:50:00.000Z,32.575
2024-10-11T18:35:00.000Z,34.07
2024-10-11T18:30:00.000Z,31.04
2024-10-11T18:25:00.000Z,32.06
2024-10-11T18:20:00.000Z,32.07
2024-10-11T18:15:00.000Z,36.08
2024-10-11T17:55:00.000Z,42.01
2024-10-11T17:50:00.000Z,43.53
2024-10-11T17:30:00.000Z,22.08
2024-10-11T17:25:00.000Z,23.57
2024-10-11T17:20:00.000Z,25.055
2024-10-11T17:00:00.000Z,22.06
2024-10-11T16:55:00.000Z,23.01
2024-10-11T16:45:00.000Z,16.08
2024-10-11T16:40:00.000Z,16.06
2024-10-11T16:35:00.000Z,16.02
2024-10-11T16:30:00.000Z,15.07
2024-10-11T16:25:00.000Z,15.01
2024-10-11T16:20:00.000Z,14.09
2024-10-11T16:15:00.000Z,15.03
2024-10-11T16:00:00.000Z,12.06
2024-10-11T15:55:00.000Z,12.08
2024-10-11T15:45:00.000Z,13.08
2024-10-11T15:40:00.000Z,13.05
2024-10-11T15:35:00.000Z,12.09
2024-10-11T15:30:00.000Z,11.08
2024-10-11T15:25:00.000Z,12.07
2024-10-11T15:05:00.000Z,11.535
2024-10-11T14:25:00.000Z,12.08
2024-10-11T14:00:00.000Z,12.02
2024-10-11T13:50:00.000Z,13.01
2024-10-11T13:35:00.000Z,12
2024-10-11T12:55:00.000Z,11.05
2024-10-11T12:45:00.000Z,11.05
2024-10-11T12:40:00.000Z,11.03
2024-10-11T12:30:00.000Z,11.02
2024-10-11T12:10:00.000Z,11.04
2024-10-11T12:00:00.000Z,11.06
2024-10-11T11:05:00.000Z,11.07
2024-10-11T10:55:00.000Z,11.04
2024-10-11T10:50:00.000Z,12.09
2024-10-11T10:40:00.000Z,11.07
2024-10-11T10:35:00.000Z,11.565000000000001
2024-10-11T10:25:00.000Z,12.035
2024-10-11T10:20:00.000Z,12.05
2024-10-11T10:15:00.000Z,11.06
2024-10-11T10:10:00.000Z,13.04
2024-10-11T10:00:00.000Z,11.03
2024-10-11T09:25:00.000Z,13.01
2024-10-11T09:15:00.000Z,13.07
2024-10-11T09:10:00.000Z,11.03
2024-10-11T08:45:00.000Z,12.01
2024-10-11T08:35:00.000Z,12.01
2024-10-11T08:20:00.000Z,12.02
2024-10-11T08:15:00.000Z,12.06
2024-10-11T08:10:00.000Z,13.06
2024-10-11T07:55:00.000Z,13.07
2024-10-11T07:50:00.000Z,13.04
2024-10-11T07:45:00.000Z,13.05
2024-10-11T07:35:00.000Z,13.07
2024-10-11T07:30:00.000Z,14.06
2024-10-11T07:20:00.000Z,14.015
2024-10-11T07:10:00.000Z,13.06
2024-10-11T07:05:00.000Z,12.059999999999999
2024-10-11T07:00:00.000Z,12.09
2024-10-11T06:50:00.000Z,12
2024-10-11T06:45:00.000Z,13.06
2024-10-11T06:40:00.000Z,14.343333333333334
2024-10-11T06:10:00.000Z,15.08
2024-10-11T06:00:00.000Z,19.02
2024-10-11T05:50:00.000Z,19.03
2024-10-11T05:45:00.000Z,19.05
2024-10-11T05:30:00.000Z,18.06
2024-10-11T05:25:00.000Z,19.01
2024-10-11T05:20:00.000Z,18.07
2024-10-11T05:15:00.000Z,18.045
2024-10-11T05:10:00.000Z,18.08
2024-10-11T04:50:00.000Z,30.55
2024-10-11T04:35:00.000Z,32.05
2024-10-11T04:30:00.000Z,29.03
2024-10-11T04:15:00.000Z,24.06
2024-10-11T04:10:00.000Z,24.07
2024-10-11T04:05:00.000Z,27.04
2024-10-11T04:00:00.000Z,28.07
2024-10-11T03:55:00.000Z,28.03
2024-10-11T03:50:00.000Z,26.05
2024-10-11T03:35:00.000Z,24.57
2024-10-11T03:15:00.000Z,32.035
2024-10-11T03:10:00.000Z,29.08
2024-10-11T02:50:00.000Z,24.555
2024-10-11T02:35:00.000Z,21.06
2024-10-11T02:20:00.000Z,24.06
2024-10-11T02:15:00.000Z,24.08
2024-10-11T02:10:00.000Z,24.04
2024-10-11T02:05:00.000Z,24.03
2024-10-11T01:55:00.000Z,22.09
2024-10-11T01:50:00.000Z,21.08
2024-10-11T01:40:00.000Z,21.52
2024-10-11T01:35:00.000Z,21.01
2024-10-11T01:30:00.000Z,19.52
2024-10-11T01:20:00.000Z,20.549999999999997
2024-10-11T01:05:00.000Z,21.03
2024-10-11T00:55:00.000Z,23.54
2024-10-11T00:50:00.000Z,24.01
2024-10-11T00:45:00.000Z,22.02
2024-10-11T00:40:00.000Z,22.53
2024-10-11T00:35:00.000Z,22.07
2024-10-11T00:25:00.000Z,23.37
2024-10-11T00:20:00.000Z,21.08
2024-10-11T00:15:00.000Z,22
2024-10-11T00:10:00.000Z,22.07
2024-10-10T23:55:00.000Z,19.04
2024-10-10T23:45:00.000Z,21.09
2024-10-10T23:40:00.000Z,21.509999999999998
2024-10-10T23:25:00.000Z,22
2024-10-10T23:15:00.000Z,22.02
2024-10-10T23:10:00.000Z,19.54
2024-10-10T23:05:00.000Z,19.04
2024-10-10T22:55:00.000Z,18
2024-10-10T22:50:00.000Z,19.04
2024-10-10T22:45:00.000Z,19.01
2024-10-10T22:40:00.000Z,19.03
2024-10-10T22:35:00.000Z,18.05
2024-10-10T22:30:00.000Z,20
2024-10-10T22:25:00.000Z,19.06
2024-10-10T22:20:00.000Z,19.575
2024-10-10T22:05:00.000Z,18.05
2024-10-10T21:45:00.000Z,19.08
2024-10-10T21:40:00.000Z,18.09
2024-10-10T21:35:00.000Z,19.09
2024-10-10T21:30:00.000Z,19.09
2024-10-10T21:20:00.000Z,21.01
2024-10-10T21:15:00.000Z,19.51
2024-10-10T21:10:00.000Z,20.535
2024-10-10T21:00:00.000Z,21.52
2024-10-10T20:55:00.000Z,22.06
2024-10-10T20:50:00.000Z,21.08
2024-10-10T20:40:00.000Z,24.05
2024-10-10T20:30:00.000Z,25.564999999999998
2024-10-10T20:20:00.000Z,28.02
2024-10-10T20:15:00.000Z,29
2024-10-10T20:00:00.000Z,34.02
2024-10-10T19:55:00.000Z,39.55
2024-10-10T19:45:00.000Z,37.565
2024-10-10T19:40:00.000Z,31.03
2024-10-10T19:35:00.000Z,31.05
2024-10-10T19:25:00.000Z,28.09
2024-10-10T19:20:00.000Z,30.07
2024-10-10T19:15:00.000Z,29.09
2024-10-10T18:55:00.000Z,31.03
2024-10-10T18:45:00.000Z,27.06
2024-10-10T18:35:00.000Z,24.06
2024-10-10T18:30:00.000Z,28.555
2024-10-10T18:20:00.000Z,35.525000000000006
2024-10-10T18:10:00.000Z,38.02
2024-10-10T18:05:00.000Z,40.015
2024-10-10T18:00:00.000Z,42.515
2024-10-10T17:55:00.000Z,42.03
2024-10-10T17:50:00.000Z,45.565
2024-10-10T17:45:00.000Z,54.545
2024-10-10T17:40:00.000Z,76.03
2024-10-10T17:30:00.000Z,90.01
2024-10-10T17:25:00.000Z,85.03
2024-10-10T17:15:00.000Z,70.055
2024-10-10T16:55:00.000Z,74.065
2024-10-10T16:45:00.000Z,45
2024-10-10T16:40:00.000Z,42.07
2024-10-10T16:30:00.000Z,52.08
2024-10-10T16:20:00.000Z,151.06
2024-10-10T16:15:00.000Z,12.02
2024-10-10T16:10:00.000Z,11.01
2024-10-10T16:00:00.000Z,11.07
2024-10-10T15:50:00.000Z,9.58
2024-10-10T15:40:00.000Z,10.025
2024-10-10T15:30:00.000Z,9.015
2024-10-10T15:25:00.000Z,10
2024-10-10T15:20:00.000Z,9.07
2024-10-10T15:10:00.000Z,9.07
2024-10-10T14:55:00.000Z,10.01
2024-10-10T14:40:00.000Z,9.559999999999999
2024-10-10T14:35:00.000Z,10.54
2024-10-10T14:30:00.000Z,10.06
2024-10-10T14:15:00.000Z,10.53
2024-10-10T13:50:00.000Z,8.545
2024-10-10T13:45:00.000Z,9.045
2024-10-10T13:20:00.000Z,10.535
2024-10-10T13:05:00.000Z,12.06
2024-10-10T12:55:00.000Z,11.04
2024-10-10T12:50:00.000Z,10.09
2024-10-10T12:45:00.000Z,12.04
2024-10-10T12:40:00.000Z,12.07
2024-10-10T12:30:00.000Z,11.55
2024-10-10T12:25:00.000Z,12.06
2024-10-10T12:15:00.000Z,13.06
2024-10-10T12:00:00.000Z,14.02
2024-10-10T11:55:00.000Z,12.55
2024-10-10T11:50:00.000Z,13.02
2024-10-10T11:45:00.000Z,13
2024-10-10T11:30:00.000Z,16.01
2024-10-10T11:25:00.000Z,15.555
2024-10-10T11:15:00.000Z,17.01
2024-10-10T10:55:00.000Z,16.04
2024-10-10T10:50:00.000Z,16.04
2024-10-10T10:45:00.000Z,15.03
2024-10-10T10:35:00.000Z,15.07
2024-10-10T10:30:00.000Z,16.05
2024-10-10T10:15:00.000Z,15.09
2024-10-10T10:05:00.000Z,16
2024-10-10T09:45:00.000Z,14.01
2024-10-10T09:40:00.000Z,13.565000000000001
2024-10-10T09:35:00.000Z,14.03
2024-10-10T09:30:00.000Z,13.09
2024-10-10T09:25:00.000Z,13.545
2024-10-10T09:15:00.000Z,14.06
2024-10-10T09:00:00.000Z,15
2024-10-10T08:55:00.000Z,14.09
2024-10-10T08:50:00.000Z,17
2024-10-10T08:45:00.000Z,15.04
2024-10-10T08:40:00.000Z,16.09
2024-10-10T08:35:00.000Z,16
2024-10-10T08:30:00.000Z,14.05
2024-10-10T08:25:00.000Z,14.03
2024-10-10T08:15:00.000Z,14
2024-10-10T08:10:00.000Z,13.545
2024-10-10T08:05:00.000Z,14.524999999999999
2024-10-10T07:55:00.000Z,13.07
2024-10-10T07:45:00.000Z,14.383333333333333
2024-10-10T07:40:00.000Z,15.54
2024-10-10T07:35:00.000Z,16.02
2024-10-10T07:30:00.000Z,15.03
2024-10-10T07:25:00.000Z,16.09
2024-10-10T07:20:00.000Z,17.07
2024-10-10T07:10:00.000Z,15.545
2024-10-10T07:05:00.000Z,15.01
2024-10-10T07:00:00.000Z,15.08
2024-10-10T06:20:00.000Z,25.055
2024-10-10T06:15:00.000Z,24.04
2024-10-10T05:45:00.000Z,28.04
2024-10-10T05:40:00.000Z,30.035
2024-10-10T05:35:00.000Z,30.535
2024-10-10T05:25:00.000Z,29.555
2024-10-10T05:20:00.000Z,29.05
2024-10-10T05:15:00.000Z,29.07
2024-10-10T05:10:00.000Z,28.07
2024-10-10T05:00:00.000Z,31.05
2024-10-10T04:55:00.000Z,32.575
2024-10-10T04:50:00.000Z,31.520000000000003
2024-10-10T04:40:00.000Z,30.05
2024-10-10T04:35:00.000Z,31.06
2024-10-10T04:30:00.000Z,34
2024-10-10T04:20:00.000Z,35.09
2024-10-10T04:15:00.000Z,34.09
2024-10-10T04:10:00.000Z,30.015
2024-10-10T04:05:00.000Z,28
2024-10-10T04:00:00.000Z,33.03
2024-10-10T03:45:00.000Z,32.09
2024-10-10T03:40:00.000Z,31
2024-10-10T03:35:00.000Z,30.01
2024-10-10T03:30:00.000Z,35.03
2024-10-10T03:25:00.000Z,27.02
2024-10-10T03:20:00.000Z,23.06
2024-10-10T03:05:00.000Z,23.04
2024-10-10T02:50:00.000Z,26.01
2024-10-10T02:45:00.000Z,23.03
2024-10-10T02:35:00.000Z,26.02
2024-10-10T02:30:00.000Z,23.555
2024-10-10T02:25:00.000Z,24.05
2024-10-10T02:20:00.000Z,24.05
2024-10-10T02:15:00.000Z,24.06
2024-10-10T02:10:00.000Z,24.049999999999997
2024-10-10T02:00:00.000Z,24.08
2024-10-10T01:55:00.000Z,26.02
2024-10-10T01:45:00.000Z,23.04
2024-10-10T01:40:00.000Z,26.08
2024-10-10T01:35:00.000Z,22.09
2024-10-10T01:30:00.000Z,25.555
2024-10-10T01:25:00.000Z,22
2024-10-10T01:20:00.000Z,22.02
2024-10-10T01:15:00.000Z,22.03
2024-10-10T01:10:00.000Z,22.01
2024-10-10T00:55:00.000Z,21.02
2024-10-10T00:50:00.000Z,22.04
2024-10-10T00:45:00.000Z,20.06
2024-10-10T00:30:00.000Z,20.575
2024-10-10T00:25:00.000Z,20.07
2024-10-10T00:20:00.000Z,21.025
2024-10-10T00:15:00.000Z,21.04
2024-10-10T00:10:00.000Z,20.53
2024-10-10T00:05:00.000Z,19.01
2024-10-09T23:55:00.000Z,20.09
2024-10-09T23:50:00.000Z,20.03
2024-10-09T23:45:00.000Z,21.01
2024-10-09T23:40:00.000Z,19.01
2024-10-09T23:35:00.000Z,20.07
2024-10-09T23:25:00.000Z,21.03
2024-10-09T23:20:00.000Z,21.02
2024-10-09T23:15:00.000Z,22.02
2024-10-09T23:00:00.000Z,22.03
2024-10-09T22:50:00.000Z,21.03
2024-10-09T22:45:00.000Z,18.07
2024-10-09T22:40:00.000Z,19.02
2024-10-09T22:20:00.000Z,18.04
2024-10-09T22:10:00.000Z,16.045
2024-10-09T22:05:00.000Z,16.075
2024-10-09T22:00:00.000Z,17.02
2024-10-09T21:55:00.000Z,15.09
2024-10-09T21:50:00.000Z,15.544999999999998
2024-10-09T21:45:00.000Z,15.02
2024-10-09T21:40:00.000Z,15
2024-10-09T21:35:00.000Z,15.07
2024-10-09T21:30:00.000Z,14.535
2024-10-09T21:25:00.000Z,14.56
2024-10-09T21:20:00.000Z,14.58
2024-10-09T21:05:00.000Z,22
2024-10-09T21:00:00.000Z,21.04
2024-10-09T20:55:00.000Z,19.08
2024-10-09T20:35:00.000Z,20.383333333333333
2024-10-09T20:30:00.000Z,18.04
2024-10-09T20:25:00.000Z,17.02
2024-10-09T20:20:00.000Z,17.08
2024-10-09T20:10:00.000Z,20.06
2024-10-09T20:05:00.000Z,16.07
2024-10-09T20:00:00.000Z,15.03
2024-10-09T19:45:00.000Z,15.01
2024-10-09T19:35:00.000Z,19.02
2024-10-09T19:30:00.000Z,17
2024-10-09T19:25:00.000Z,18.01
2024-10-09T19:15:00.000Z,16.08
2024-10-09T19:10:00.000Z,15.56
2024-10-09T19:05:00.000Z,16.015
2024-10-09T18:55:00.000Z,14.09
2024-10-09T18:50:00.000Z,14.54
2024-10-09T18:45:00.000Z,15.03
2024-10-09T18:35:00.000Z,13.07
2024-10-09T18:30:00.000Z,12.085
2024-10-09T18:25:00.000Z,12.01
2024-10-09T18:20:00.000Z,11.04
2024-10-09T18:15:00.000Z,11.03
2024-10-09T18:10:00.000Z,11
2024-10-09T18:00:00.000Z,11.55
2024-10-09T17:55:00.000Z,11.08
2024-10-09T17:50:00.000Z,21.035
2024-10-09T17:30:00.000Z,27.08
2024-10-09T17:25:00.000Z,97.035
2024-10-09T16:50:00.000Z,22.07
2024-10-09T16:45:00.000Z,19.06
2024-10-09T16:40:00.000Z,20.009999999999998
2024-10-09T16:30:00.000Z,20.06
2024-10-09T16:20:00.000Z,16.01
2024-10-09T16:15:00.000Z,16.05
2024-10-09T15:55:00.000Z,55.03
2024-10-09T15:45:00.000Z,16.02
2024-10-09T15:40:00.000Z,12.555
2024-10-09T15:25:00.000Z,10.035
2024-10-09T15:15:00.000Z,15.08
2024-10-09T15:10:00.000Z,41.06
2024-10-09T15:00:00.000Z,8.08
2024-10-09T14:50:00.000Z,8.545
2024-10-09T14:45:00.000Z,8.08
2024-10-09T13:40:00.000Z,16.545
2024-10-09T13:30:00.000Z,10.07
2024-10-09T13:20:00.000Z,13.02
2024-10-09T13:15:00.000Z,10.56
2024-10-09T13:10:00.000Z,10.07
2024-10-09T13:05:00.000Z,13.01
2024-10-09T12:40:00.000Z,10.08
2024-10-09T12:30:00.000Z,10.05
2024-10-09T12:25:00.000Z,10.08
2024-10-09T12:20:00.000Z,11.01
2024-10-09T12:05:00.000Z,11.05
2024-10-09T11:55:00.000Z,10.07
2024-10-09T11:50:00.000Z,11.01
2024-10-09T11:35:00.000Z,11.06
2024-10-09T11:30:00.000Z,10.08
2024-10-09T11:15:00.000Z,12.06
2024-10-09T11:10:00.000Z,11.03
2024-10-09T11:05:00.000Z,11.09
2024-10-09T11:00:00.000Z,11.525
2024-10-09T10:50:00.000Z,13
2024-10-09T10:40:00.000Z,13.02
2024-10-09T10:35:00.000Z,13
2024-10-09T10:20:00.000Z,13.05
2024-10-09T10:15:00.000Z,12.02
2024-10-09T10:05:00.000Z,13.045
2024-10-09T09:55:00.000Z,11.08
2024-10-09T09:50:00.000Z,13
2024-10-09T09:45:00.000Z,13.03
2024-10-09T09:40:00.000Z,12.08
2024-10-09T09:35:00.000Z,11.07
2024-10-09T09:00:00.000Z,12.06
2024-10-09T08:55:00.000Z,12.045
2024-10-09T08:40:00.000Z,12.09
2024-10-09T08:30:00.000Z,12.025
2024-10-09T08:20:00.000Z,12.05
2024-10-09T08:15:00.000Z,12.06
2024-10-09T08:10:00.000Z,12.055
2024-10-09T08:05:00.000Z,12.08
2024-10-09T08:00:00.000Z,12.075
2024-10-09T07:45:00.000Z,12.06
2024-10-09T07:40:00.000Z,11.08
2024-10-09T07:35:00.000Z,13
2024-10-09T07:20:00.000Z,13.06
2024-10-09T07:15:00.000Z,13.07
2024-10-09T07:00:00.000Z,12.07
2024-10-09T06:50:00.000Z,12.065000000000001
2024-10-09T06:45:00.000Z,13.04
2024-10-09T06:40:00.000Z,12.08
2024-10-09T06:35:00.000Z,13.02
2024-10-09T06:25:00.000Z,12.05
2024-10-09T06:15:00.000Z,13.04
2024-10-09T06:05:00.000Z,12.565000000000001
2024-10-09T06:00:00.000Z,14.05
2024-10-09T05:50:00.000Z,14.02
2024-10-09T05:45:00.000Z,13.04
2024-10-09T05:40:00.000Z,13.04
2024-10-09T05:25:00.000Z,13.035
2024-10-09T05:20:00.000Z,14.02
2024-10-09T05:15:00.000Z,14.03
2024-10-09T05:05:00.000Z,14.525
2024-10-09T04:55:00.000Z,14.07
2024-10-09T04:45:00.000Z,14.08
2024-10-09T04:25:00.000Z,20.03
2024-10-09T03:55:00.000Z,16.01
2024-10-09T03:50:00.000Z,15.02
2024-10-09T03:45:00.000Z,15.09
2024-10-09T03:40:00.000Z,16.06
2024-10-09T03:35:00.000Z,18.045
2024-10-09T03:30:00.000Z,15.06
2024-10-09T03:20:00.000Z,15.07
2024-10-09T03:15:00.000Z,16.703333333333333
2024-10-09T03:05:00.000Z,16.575
2024-10-09T03:00:00.000Z,15.09
2024-10-09T02:50:00.000Z,15.02
2024-10-09T02:40:00.000Z,15.06
2024-10-09T02:35:00.000Z,15.09
2024-10-09T02:30:00.000Z,16.03
2024-10-09T02:25:00.000Z,15.06
2024-10-09T02:10:00.000Z,18.04
2024-10-09T02:00:00.000Z,20.01
2024-10-09T01:55:00.000Z,21.05
2024-10-09T01:45:00.000Z,23.01
2024-10-09T01:35:00.000Z,17
2024-10-09T01:30:00.000Z,17.049999999999997
2024-10-09T01:25:00.000Z,17.03
2024-10-09T01:20:00.000Z,16.065
2024-10-09T01:15:00.000Z,18.07
2024-10-09T01:10:00.000Z,19.09
2024-10-09T01:05:00.000Z,18
2024-10-09T01:00:00.000Z,19.06
2024-10-09T00:55:00.000Z,17.549999999999997
2024-10-09T00:45:00.000Z,18.05
2024-10-09T00:40:00.000Z,17.03
2024-10-09T00:35:00.000Z,17.545
2024-10-09T00:30:00.000Z,17.05
2024-10-09T00:20:00.000Z,17.035
2024-10-09T00:15:00.000Z,17.02
2024-10-09T00:10:00.000Z,16.04
2024-10-09T00:00:00.000Z,15
2024-10-08T23:50:00.000Z,15.025
2024-10-08T23:45:00.000Z,15.09
2024-10-08T23:35:00.000Z,14.54
2024-10-08T23:30:00.000Z,15.059999999999999
2024-10-08T23:25:00.000Z,15.05
2024-10-08T23:20:00.000Z,16.07
2024-10-08T23:10:00.000Z,14.08
2024-10-08T23:05:00.000Z,15.01
2024-10-08T22:50:00.000Z,15
2024-10-08T22:45:00.000Z,15
2024-10-08T22:40:00.000Z,14.05
2024-10-08T22:35:00.000Z,15.045
2024-10-08T22:30:00.000Z,15.03
2024-10-08T22:25:00.000Z,14.524999999999999
2024-10-08T22:20:00.000Z,14.54
2024-10-08T22:15:00.000Z,15.05
2024-10-08T22:05:00.000Z,14.09
2024-10-08T22:00:00.000Z,16.03
2024-10-08T21:55:00.000Z,14.059999999999999
2024-10-08T21:50:00.000Z,14.07
2024-10-08T21:45:00.000Z,16.01
2024-10-08T21:35:00.000Z,15.02
2024-10-08T21:15:00.000Z,14.530000000000001
2024-10-08T21:10:00.000Z,15.02
2024-10-08T21:00:00.000Z,14.02
2024-10-08T20:55:00.000Z,13.08
2024-10-08T20:50:00.000Z,15.06
2024-10-08T20:45:00.000Z,14.09
2024-10-08T20:40:00.000Z,13.535
2024-10-08T20:35:00.000Z,14.045
2024-10-08T20:30:00.000Z,14.515
2024-10-08T20:20:00.000Z,14.01
2024-10-08T20:15:00.000Z,13.05
2024-10-08T20:05:00.000Z,13.06
2024-10-08T20:00:00.000Z,13.055
2024-10-08T19:55:00.000Z,14.02
2024-10-08T19:50:00.000Z,13.065
2024-10-08T19:40:00.000Z,13.04
2024-10-08T19:35:00.000Z,13.05
2024-10-08T19:25:00.000Z,13.04
2024-10-08T19:15:00.000Z,13.05
2024-10-08T19:10:00.000Z,13.03
2024-10-08T19:00:00.000Z,13.08
2024-10-08T18:55:00.000Z,13.52
2024-10-08T18:45:00.000Z,14.085
2024-10-08T18:40:00.000Z,14.05
2024-10-08T18:35:00.000Z,14.045
2024-10-08T18:30:00.000Z,14.053333333333333
2024-10-08T18:25:00.000Z,14.08
2024-10-08T18:10:00.000Z,14.08
2024-10-08T17:55:00.000Z,16.03
2024-10-08T17:50:00.000Z,15.055
2024-10-08T17:35:00.000Z,13.04
2024-10-08T17:25:00.000Z,13.05
2024-10-08T17:10:00.000Z,15.05
2024-10-08T17:00:00.000Z,16.04
2024-10-08T16:55:00.000Z,17.03
2024-10-08T16:50:00.000Z,16.53
2024-10-08T16:40:00.000Z,16.06
2024-10-08T16:35:00.000Z,15.040000000000001
2024-10-08T16:30:00.000Z,14.03
2024-10-08T16:25:00.000Z,11.565000000000001
2024-10-08T16:20:00.000Z,11.06
2024-10-08T16:15:00.000Z,10.56
2024-10-08T16:10:00.000Z,12.01
2024-10-08T15:50:00.000Z,11.09
2024-10-08T15:40:00.000Z,19.03
2024-10-08T15:15:00.000Z,10.09
2024-10-08T15:10:00.000Z,24.515
2024-10-08T14:55:00.000Z,10.03
2024-10-08T14:50:00.000Z,11.02
2024-10-08T14:45:00.000Z,11.366666666666665
2024-10-08T14:10:00.000Z,11.04
2024-10-08T13:55:00.000Z,10.05
2024-10-08T13:50:00.000Z,10.565000000000001
2024-10-08T13:45:00.000Z,10.045
2024-10-08T13:25:00.000Z,11.54
2024-10-08T13:00:00.000Z,13.03
2024-10-08T12:55:00.000Z,12.07
2024-10-08T12:50:00.000Z,12.700000000000001
2024-10-08T12:40:00.000Z,12.05
2024-10-08T12:35:00.000Z,12
2024-10-08T12:30:00.000Z,12.06
2024-10-08T11:40:00.000Z,12.57
2024-10-08T11:30:00.000Z,13.09
2024-10-08T11:25:00.000Z,13.09
2024-10-08T11:15:00.000Z,13.02
2024-10-08T11:10:00.000Z,13.07
2024-10-08T11:05:00.000Z,12.55
2024-10-08T10:55:00.000Z,13.06
2024-10-08T10:50:00.000Z,13.376666666666665
2024-10-08T10:45:00.000Z,14
2024-10-08T10:25:00.000Z,13.08
2024-10-08T10:20:00.000Z,14.02
2024-10-08T10:15:00.000Z,15.05
2024-10-08T10:05:00.000Z,15.09
2024-10-08T09:55:00.000Z,14.58
2024-10-08T09:50:00.000Z,15
2024-10-08T09:40:00.000Z,17.03
2024-10-08T09:35:00.000Z,16.07
2024-10-08T09:25:00.000Z,17.07
2024-10-08T09:20:00.000Z,17.04
2024-10-08T09:10:00.000Z,18.06
2024-10-08T09:05:00.000Z,19.05
2024-10-08T09:00:00.000Z,19.02
2024-10-08T08:55:00.000Z,20.03
2024-10-08T08:50:00.000Z,20.064999999999998
2024-10-08T08:40:00.000Z,20
2024-10-08T08:35:00.000Z,21.575
2024-10-08T08:30:00.000Z,24.06
2024-10-08T08:20:00.000Z,27.045
2024-10-08T08:15:00.000Z,30.01
2024-10-08T08:10:00.000Z,31.07
2024-10-08T08:00:00.000Z,37.01
2024-10-08T07:55:00.000Z,33.053333333333335
2024-10-08T07:50:00.000Z,34
2024-10-08T07:35:00.000Z,35.01
2024-10-08T07:25:00.000Z,32.045
2024-10-08T07:20:00.000Z,34.03
2024-10-08T07:15:00.000Z,30.03
2024-10-08T07:00:00.000Z,33.565
2024-10-08T06:50:00.000Z,37.01
2024-10-08T06:30:00.000Z,42.05
2024-10-08T06:25:00.000Z,43
2024-10-08T06:20:00.000Z,42.565
2024-10-08T06:15:00.000Z,44.55
2024-10-08T06:10:00.000Z,47.515
2024-10-08T06:00:00.000Z,44.05
2024-10-08T05:50:00.000Z,45.05
2024-10-08T05:45:00.000Z,47.06
2024-10-08T05:40:00.000Z,46.525
2024-10-08T05:35:00.000Z,46.02
2024-10-08T05:30:00.000Z,49.01
2024-10-08T05:25:00.000Z,48.08
2024-10-08T05:10:00.000Z,46.04
2024-10-08T05:05:00.000Z,45
2024-10-08T05:00:00.000Z,45.05
2024-10-08T04:55:00.000Z,42.06
2024-10-08T04:50:00.000Z,46.07
2024-10-08T04:45:00.000Z,47.035
2024-10-08T04:40:00.000Z,48.01
2024-10-08T04:35:00.000Z,48.38999999999999
2024-10-08T04:30:00.000Z,47.545
2024-10-08T04:25:00.000Z,50.05
2024-10-08T04:15:00.000Z,46.05
2024-10-08T03:55:00.000Z,44.06
2024-10-08T03:50:00.000Z,45.09
2024-10-08T03:45:00.000Z,45.03
2024-10-08T03:40:00.000Z,41.04
2024-10-08T03:35:00.000Z,44.02
2024-10-08T03:30:00.000Z,42.055
2024-10-08T03:20:00.000Z,44.02
2024-10-08T03:15:00.000Z,39.54
2024-10-08T03:10:00.000Z,38.09
2024-10-08T03:05:00.000Z,40.01
2024-10-08T02:45:00.000Z,36.05500000000001
2024-10-08T02:40:00.000Z,37
2024-10-08T02:25:00.000Z,33.519999999999996
2024-10-08T02:20:00.000Z,34.01
2024-10-08T02:15:00.000Z,34.09
2024-10-08T02:10:00.000Z,34.01
2024-10-08T01:50:00.000Z,33.05
2024-10-08T01:40:00.000Z,36
2024-10-08T01:25:00.000Z,37.555
2024-10-08T01:20:00.000Z,36.06
2024-10-08T01:15:00.000Z,41.02
2024-10-08T01:10:00.000Z,41.09
2024-10-08T01:00:00.000Z,42.09
2024-10-08T00:40:00.000Z,45.03
2024-10-08T00:30:00.000Z,45.545
2024-10-08T00:25:00.000Z,45.02
2024-10-08T00:20:00.000Z,41.01
2024-10-08T00:15:00.000Z,38.04
2024-10-08T00:00:00.000Z,33.06
2024-10-07T23:55:00.000Z,28.09
2024-10-07T23:45:00.000Z,26.52
2024-10-07T23:40:00.000Z,27.07
2024-10-07T23:35:00.000Z,29.06
2024-10-07T23:30:00.000Z,24.09
2024-10-07T23:25:00.000Z,24.06
2024-10-07T23:15:00.000Z,21.075
2024-10-07T23:05:00.000Z,20.01
2024-10-07T22:55:00.000Z,17.08
2024-10-07T22:50:00.000Z,17.09
2024-10-07T22:40:00.000Z,16
2024-10-07T22:30:00.000Z,14.015
2024-10-07T22:25:00.000Z,14.03
2024-10-07T22:20:00.000Z,13.06
2024-10-07T22:10:00.000Z,12.07
2024-10-07T21:45:00.000Z,14.01
2024-10-07T21:40:00.000Z,12.07
2024-10-07T21:35:00.000Z,12.02
2024-10-07T21:30:00.000Z,10.09
2024-10-07T21:25:00.000Z,10.545
2024-10-07T21:20:00.000Z,10.386666666666668
2024-10-07T21:10:00.000Z,10.09
2024-10-07T21:05:00.000Z,10.01
2024-10-07T21:00:00.000Z,10.09
2024-10-07T20:55:00.000Z,11.04
2024-10-07T20:45:00.000Z,11.530000000000001
2024-10-07T20:40:00.000Z,8.04
2024-10-07T20:30:00.000Z,10
2024-10-07T20:20:00.000Z,12.09
2024-10-07T20:15:00.000Z,14
2024-10-07T20:10:00.000Z,14.05
2024-10-07T20:00:00.000Z,13.03
2024-10-07T19:50:00.000Z,16
2024-10-07T19:45:00.000Z,15.07
2024-10-07T19:35:00.000Z,14.01
2024-10-07T19:30:00.000Z,16.07
2024-10-07T19:25:00.000Z,16.36
2024-10-07T19:15:00.000Z,12.01
2024-10-07T19:10:00.000Z,14.030000000000001
2024-10-07T19:05:00.000Z,13.02
2024-10-07T18:55:00.000Z,28.02
2024-10-07T18:50:00.000Z,19.555
2024-10-07T18:45:00.000Z,22.06
2024-10-07T18:40:00.000Z,17.01
2024-10-07T18:30:00.000Z,15.03
2024-10-07T18:20:00.000Z,15.06
2024-10-07T18:15:00.000Z,15.02
2024-10-07T18:05:00.000Z,30.03
2024-10-07T18:00:00.000Z,12
2024-10-07T17:35:00.000Z,10.033333333333333
2024-10-07T17:30:00.000Z,13.05
2024-10-07T17:20:00.000Z,22.04
2024-10-07T17:10:00.000Z,20.555
2024-10-07T17:00:00.000Z,16.02
2024-10-07T16:55:00.000Z,15.02
2024-10-07T16:50:00.000Z,9.524999999999999
2024-10-07T16:45:00.000Z,7.09
2024-10-07T16:40:00.000Z,6.09
2024-10-07T16:35:00.000Z,7.08
2024-10-07T16:30:00.000Z,6.545
2024-10-07T16:25:00.000Z,6.09
2024-10-07T16:20:00.000Z,7.08
2024-10-07T15:45:00.000Z,5.525
2024-10-07T15:40:00.000Z,5.529999999999999
2024-10-07T15:35:00.000Z,5.0600000000000005
2024-10-07T15:30:00.000Z,5.04
2024-10-07T15:25:00.000Z,4.09
2024-10-07T15:10:00.000Z,5.52
2024-10-07T14:55:00.000Z,4.555
2024-10-07T14:50:00.000Z,5.525
2024-10-07T14:35:00.000Z,5.5
2024-10-07T14:15:00.000Z,5.03
2024-10-07T14:00:00.000Z,4.01
2024-10-07T13:55:00.000Z,5.06
2024-10-07T13:45:00.000Z,5
2024-10-07T13:35:00.000Z,5.09
2024-10-05T07:05:00.000Z,4.05
2024-10-05T07:00:00.000Z,3.545
2024-10-05T06:55:00.000Z,4.04
2024-10-05T06:50:00.000Z,4.02
2024-10-05T06:45:00.000Z,4.035
2024-10-05T06:40:00.000Z,4.045
2024-10-05T06:10:00.000Z,5.01
2024-10-05T06:05:00.000Z,6
2024-10-05T06:00:00.000Z,5.5
2024-10-05T05:55:00.000Z,6.039999999999999
2024-10-05T05:50:00.000Z,5.54
2024-10-05T05:45:00.000Z,6.5649999999999995
2024-10-05T05:40:00.000Z,6.58
2024-10-05T05:35:00.000Z,7.06
2024-10-05T05:30:00.000Z,7.529999999999999
2024-10-05T05:25:00.000Z,8.045
2024-10-05T05:20:00.000Z,8.02
2024-10-05T05:15:00.000Z,8.535
2024-10-05T05:10:00.000Z,7.55
2024-10-05T04:55:00.000Z,9.02
2024-10-05T04:50:00.000Z,9
2024-10-05T04:45:00.000Z,8.545
2024-10-05T04:40:00.000Z,7.545
2024-10-05T04:35:00.000Z,8.08
2024-10-05T04:30:00.000Z,7.545
2024-10-05T04:25:00.000Z,8.035
2024-10-05T04:20:00.000Z,7.08
2024-10-05T04:15:00.000Z,7.545
2024-10-05T04:10:00.000Z,7.09
2024-10-05T04:05:00.000Z,7.0600000000000005
2024-10-05T04:00:00.000Z,7.0649999999999995
2024-10-05T03:55:00.000Z,7.06
2024-10-05T03:50:00.000Z,7.0649999999999995
2024-10-05T03:45:00.000Z,7.045
2024-10-05T03:40:00.000Z,7.06
2024-10-05T03:35:00.000Z,7.02
2024-10-05T03:30:00.000Z,7.055
2024-10-05T03:25:00.000Z,8
2024-10-05T03:20:00.000Z,7.02
2024-10-05T03:15:00.000Z,7.04
2024-10-05T03:10:00.000Z,7.09
2024-10-05T02:55:00.000Z,7.03
2024-10-05T02:50:00.000Z,6.09
2024-10-05T02:45:00.000Z,6.54
2024-10-05T02:35:00.000Z,7.07
2024-10-05T02:25:00.000Z,7.05
2024-10-05T02:15:00.000Z,6.08
2024-10-05T02:10:00.000Z,7.07
2024-10-05T02:05:00.000Z,6.535
2024-10-05T01:55:00.000Z,7.05
2024-10-05T01:50:00.000Z,7.02
2024-10-05T01:45:00.000Z,7.06
2024-10-05T01:40:00.000Z,7.03
2024-10-05T01:35:00.000Z,7.07
2024-10-05T01:30:00.000Z,6.575
2024-10-05T01:25:00.000Z,7.03
2024-10-05T01:20:00.000Z,7.074999999999999
2024-10-05T01:15:00.000Z,6.5649999999999995
2024-10-05T01:10:00.000Z,7.09
2024-10-05T01:05:00.000Z,7.055
2024-10-05T01:00:00.000Z,6.58
2024-10-05T00:50:00.000Z,6.09
2024-10-05T00:45:00.000Z,7.03
2024-10-05T00:40:00.000Z,6.51
2024-10-05T00:35:00.000Z,6.07
2024-10-05T00:30:00.000Z,6.07
2024-10-05T00:25:00.000Z,6.07
2024-10-05T00:20:00.000Z,6.545
2024-10-05T00:15:00.000Z,6.04
2024-10-05T00:05:00.000Z,5.06
2024-10-05T00:00:00.000Z,6.04
2024-10-04T23:55:00.000Z,6.05
2024-10-04T23:50:00.000Z,6.0649999999999995
2024-10-04T23:45:00.000Z,6.035
2024-10-04T23:35:00.000Z,6.05
2024-10-04T23:25:00.000Z,7.06
2024-10-04T23:20:00.000Z,7.07
2024-10-04T23:15:00.000Z,7.09
2024-10-04T23:10:00.000Z,8.04
2024-10-04T23:00:00.000Z,7.06
2024-10-04T22:55:00.000Z,8.09
2024-10-04T22:50:00.000Z,7.555
2024-10-04T22:45:00.000Z,8.02
2024-10-04T22:40:00.000Z,9.01
2024-10-04T22:35:00.000Z,8.545
2024-10-04T22:30:00.000Z,8.555
2024-10-04T22:20:00.000Z,10.03
2024-10-04T22:10:00.000Z,10.03
2024-10-04T22:05:00.000Z,10.09
2024-10-04T22:00:00.000Z,10.04
2024-10-04T21:55:00.000Z,10.05
2024-10-04T21:50:00.000Z,11.53
2024-10-04T21:45:00.000Z,12.02
2024-10-04T21:40:00.000Z,12.01
2024-10-04T21:35:00.000Z,13.004999999999999
2024-10-04T21:25:00.000Z,13.015
2024-10-04T21:10:00.000Z,14.030000000000001
2024-10-04T21:05:00.000Z,13.555
2024-10-04T21:00:00.000Z,15.05
2024-10-04T20:50:00.000Z,14.373333333333333
2024-10-04T20:45:00.000Z,15.04
2024-10-04T20:35:00.000Z,15.059999999999999
2024-10-04T20:30:00.000Z,15.03
2024-10-04T20:25:00.000Z,14.03
2024-10-04T20:20:00.000Z,13.59
2024-10-04T20:15:00.000Z,13.04
2024-10-04T20:05:00.000Z,13.08
2024-10-04T19:55:00.000Z,12.05
2024-10-04T19:50:00.000Z,11.09
2024-10-04T19:25:00.000Z,10.09
2024-10-04T19:20:00.000Z,10.524999999999999
2024-10-04T19:15:00.000Z,9.55
2024-10-04T19:10:00.000Z,11.04
2024-10-04T19:05:00.000Z,9.045
2024-10-04T19:00:00.000Z,9.03
2024-10-04T18:55:00.000Z,10.01
2024-10-04T18:45:00.000Z,9.05
2024-10-04T18:40:00.000Z,9.376666666666667
2024-10-04T18:20:00.000Z,10.04
2024-10-04T18:00:00.000Z,10.045
2024-10-04T17:50:00.000Z,9.555
2024-10-04T17:35:00.000Z,8.05
2024-10-04T17:30:00.000Z,8.03
2024-10-04T17:25:00.000Z,7.535
2024-10-04T17:15:00.000Z,5.555
2024-10-04T17:10:00.000Z,5.555
2024-10-04T17:05:00.000Z,9.07
2024-10-04T17:00:00.000Z,7.529999999999999
2024-10-04T16:55:00.000Z,9.030000000000001
2024-10-04T16:45:00.000Z,8.03
2024-10-04T16:35:00.000Z,2.5549999999999997
2024-10-04T16:30:00.000Z,3.08
2024-10-04T16:20:00.000Z,3.01
2024-10-04T16:15:00.000Z,3.04
2024-10-04T16:00:00.000Z,4
2024-10-04T15:55:00.000Z,3.04
2024-10-04T15:50:00.000Z,3.005
2024-10-04T15:45:00.000Z,3.04
2024-10-04T15:40:00.000Z,3.01
2024-10-04T15:35:00.000Z,2.545
2024-10-04T15:30:00.000Z,3.05
2024-10-04T15:25:00.000Z,3
2024-10-04T15:20:00.000Z,3.07
2024-10-04T15:10:00.000Z,3.0549999999999997
2024-10-04T15:05:00.000Z,3.045
2024-10-04T15:00:00.000Z,3.525
2024-10-04T14:45:00.000Z,3.0599999999999996
2024-10-04T14:40:00.000Z,3.0599999999999996
2024-10-04T14:30:00.000Z,3.08
2024-10-04T14:25:00.000Z,3.06
2024-10-04T14:15:00.000Z,3.07
2024-10-04T14:10:00.000Z,3.07
2024-10-04T14:05:00.000Z,3.08
2024-10-04T14:00:00.000Z,3.545
2024-10-04T13:55:00.000Z,4.04
2024-10-04T13:50:00.000Z,3.5300000000000002
2024-10-04T13:40:00.000Z,4.01
2024-10-04T13:10:00.000Z,4
2024-10-04T13:05:00.000Z,4
2024-10-04T13:00:00.000Z,3.07
2024-10-04T12:55:00.000Z,4.02
2024-10-04T12:25:00.000Z,4.03
2024-10-04T11:50:00.000Z,4.01
2024-10-04T11:45:00.000Z,4
2024-10-04T11:40:00.000Z,3.09
2024-10-04T11:35:00.000Z,4.01
2024-10-04T11:25:00.000Z,4.03
2024-10-04T11:15:00.000Z,5
2024-10-04T10:45:00.000Z,6.09
2024-10-04T10:30:00.000Z,8.02
2024-10-04T10:20:00.000Z,8.04
2024-10-04T10:15:00.000Z,8.015
2024-10-04T10:10:00.000Z,8.05
2024-10-04T10:00:00.000Z,8.06
2024-10-04T09:55:00.000Z,8.37
2024-10-04T09:40:00.000Z,10.01
2024-10-04T09:35:00.000Z,9.05
2024-10-04T09:30:00.000Z,9.535
2024-10-04T09:25:00.000Z,8.09
2024-10-04T09:20:00.000Z,8.08
2024-10-04T09:15:00.000Z,8.07
2024-10-04T09:05:00.000Z,8.06
2024-10-04T08:55:00.000Z,8
2024-10-04T08:45:00.000Z,8.065
2024-10-04T08:40:00.000Z,8.08
2024-10-04T08:25:00.000Z,8.045
2024-10-04T08:20:00.000Z,7.05
2024-10-04T08:15:00.000Z,8.043333333333335
2024-10-04T08:05:00.000Z,8.09
2024-10-04T08:00:00.000Z,8.06
2024-10-04T07:55:00.000Z,8.065
2024-10-04T07:50:00.000Z,7.07
2024-10-04T06:55:00.000Z,7.08
2024-10-04T06:50:00.000Z,8.08
2024-10-04T06:35:00.000Z,7.02
2024-10-04T06:15:00.000Z,7.08
2024-10-04T06:10:00.000Z,7.01
2024-10-04T06:05:00.000Z,8
2024-10-04T06:00:00.000Z,8.03
2024-10-04T05:50:00.000Z,7.09
2024-10-04T05:40:00.000Z,7.015
2024-10-04T05:25:00.000Z,8.04
2024-10-04T05:20:00.000Z,8.06
2024-10-04T05:15:00.000Z,8.04
2024-10-04T05:10:00.000Z,8.02
2024-10-04T05:05:00.000Z,9
2024-10-04T04:55:00.000Z,8.04
2024-10-04T04:50:00.000Z,9.03
2024-10-04T04:40:00.000Z,8.02
2024-10-04T04:35:00.000Z,8.09
2024-10-04T04:30:00.000Z,6.58
2024-10-04T04:20:00.000Z,7.52
2024-10-04T04:15:00.000Z,7.07
2024-10-04T04:10:00.000Z,6.09
2024-10-04T04:05:00.000Z,7
2024-10-04T04:00:00.000Z,7.045
2024-10-04T03:55:00.000Z,6.525
2024-10-04T03:50:00.000Z,6.02
2024-10-04T03:45:00.000Z,6.51
2024-10-04T03:40:00.000Z,6.545
2024-10-04T03:35:00.000Z,7.01
2024-10-04T03:20:00.000Z,7.03
2024-10-04T03:15:00.000Z,6.726666666666667
2024-10-04T03:10:00.000Z,7.51
2024-10-04T03:05:00.000Z,7.04
2024-10-04T03:00:00.000Z,6.5600000000000005
2024-10-04T02:55:00.000Z,7.045
2024-10-04T02:50:00.000Z,7.06
2024-10-04T02:45:00.000Z,6.545
2024-10-04T02:40:00.000Z,7.039999999999999
2024-10-04T02:35:00.000Z,7.05
2024-10-04T02:30:00.000Z,7.005
2024-10-04T02:25:00.000Z,6.5600000000000005
2024-10-04T02:20:00.000Z,7
2024-10-04T02:15:00.000Z,6.08
2024-10-04T02:10:00.000Z,7.525
2024-10-04T02:05:00.000Z,7.045
2024-10-04T02:00:00.000Z,8.04
2024-10-04T01:55:00.000Z,8
2024-10-04T01:50:00.000Z,8
2024-10-04T01:40:00.000Z,7.07
2024-10-04T01:30:00.000Z,7.023333333333333
2024-10-04T01:25:00.000Z,7.545
2024-10-04T01:20:00.000Z,8.02
2024-10-04T01:15:00.000Z,7.05
2024-10-04T01:10:00.000Z,7.085
2024-10-04T01:05:00.000Z,8.01
2024-10-04T01:00:00.000Z,7.539999999999999
2024-10-04T00:55:00.000Z,7.045
2024-10-04T00:50:00.000Z,6.09
2024-10-04T00:45:00.000Z,7.06
2024-10-04T00:40:00.000Z,7.04
2024-10-04T00:35:00.000Z,7.07
2024-10-04T00:30:00.000Z,7.05
2024-10-04T00:25:00.000Z,6.54
2024-10-04T00:15:00.000Z,7.04
2024-10-04T00:00:00.000Z,7.02
2024-10-03T23:55:00.000Z,6.055
2024-10-03T23:45:00.000Z,5.54
2024-10-03T23:40:00.000Z,6.01
2024-10-03T23:35:00.000Z,6.045
2024-10-03T23:30:00.000Z,6
2024-10-03T23:25:00.000Z,6.029999999999999
2024-10-03T23:20:00.000Z,6.03
2024-10-03T23:15:00.000Z,5.09
2024-10-03T23:10:00.000Z,5.06
2024-10-03T23:05:00.000Z,5.07
2024-10-03T09:45:00.000Z,13.07
2024-10-03T09:25:00.000Z,15.549999999999999
2024-10-03T09:10:00.000Z,16
2024-10-03T09:05:00.000Z,17.08
2024-10-03T08:50:00.000Z,16.04
2024-10-03T08:45:00.000Z,16.01
2024-10-03T08:00:00.000Z,16.04
2024-10-03T07:20:00.000Z,14.045
2024-10-03T07:10:00.000Z,16.02
2024-10-03T07:05:00.000Z,15.06
2024-10-03T06:45:00.000Z,18.04
2024-10-03T06:30:00.000Z,16.03
2024-10-03T06:25:00.000Z,16.020000000000003
2024-10-03T06:15:00.000Z,19.04
2024-10-03T06:10:00.000Z,17.04
2024-10-03T05:40:00.000Z,16.06
2024-10-03T05:35:00.000Z,15.07
2024-10-03T05:25:00.000Z,15.03
2024-10-03T05:10:00.000Z,16.01
2024-10-03T05:00:00.000Z,16.03
2024-10-03T04:55:00.000Z,16.03
2024-10-03T04:45:00.000Z,16
2024-10-03T04:40:00.000Z,17.03
2024-10-03T04:30:00.000Z,15.07
2024-10-03T04:25:00.000Z,15
2024-10-03T04:15:00.000Z,13.559999999999999
2024-10-03T04:05:00.000Z,14.07
2024-10-03T03:55:00.000Z,12.09
2024-10-03T03:30:00.000Z,13.05
2024-10-03T03:05:00.000Z,11.05
2024-10-03T03:00:00.000Z,11.04
2024-10-03T02:35:00.000Z,11.07
2024-10-03T02:25:00.000Z,10.04
2024-10-03T02:20:00.000Z,11.02
2024-10-03T02:15:00.000Z,10.545
2024-10-03T02:10:00.000Z,11
2024-10-03T02:00:00.000Z,10.05
2024-10-03T01:55:00.000Z,10.05
2024-10-03T01:35:00.000Z,9.06
2024-10-03T01:30:00.000Z,10.03
2024-10-03T01:25:00.000Z,10
2024-10-03T01:20:00.000Z,9.02
2024-10-03T01:10:00.000Z,8.585
2024-10-03T00:55:00.000Z,9.05
2024-10-03T00:50:00.000Z,10.01
2024-10-03T00:45:00.000Z,9.09
2024-10-02T23:50:00.000Z,8.07
2024-10-02T23:35:00.000Z,8.05
2024-10-02T23:25:00.000Z,8.06
2024-10-02T23:15:00.000Z,8.56
2024-10-02T23:10:00.000Z,8.08
2024-10-02T23:00:00.000Z,9.004999999999999
2024-10-02T22:55:00.000Z,9.02
2024-10-02T22:35:00.000Z,9.504999999999999
2024-10-02T22:25:00.000Z,9.024999999999999
2024-10-02T22:15:00.000Z,9.04
2024-10-02T22:10:00.000Z,9.06
2024-10-02T22:00:00.000Z,10.01
2024-10-02T21:55:00.000Z,10.04
2024-10-02T21:50:00.000Z,10.07
2024-10-02T21:35:00.000Z,10.06
2024-10-02T21:30:00.000Z,10.54
2024-10-02T21:20:00.000Z,12.06
2024-10-02T21:15:00.000Z,12.03
2024-10-02T21:05:00.000Z,13.06
2024-10-02T21:00:00.000Z,13.06
2024-10-02T20:50:00.000Z,13.545
2024-10-02T20:35:00.000Z,14.03
2024-10-02T20:30:00.000Z,14.01
2024-10-02T20:20:00.000Z,16
2024-10-02T20:15:00.000Z,17
2024-10-02T20:10:00.000Z,17.01
2024-10-02T19:50:00.000Z,18.08
2024-10-02T19:35:00.000Z,18.545
2024-10-02T19:25:00.000Z,19.03
2024-10-02T19:15:00.000Z,20.515
2024-10-02T19:05:00.000Z,19.08
2024-10-02T18:55:00.000Z,21.03
2024-10-02T18:45:00.000Z,21.055
2024-10-02T18:35:00.000Z,21.53
2024-10-02T18:30:00.000Z,20.05
2024-10-02T18:10:00.000Z,17.05
2024-10-02T18:00:00.000Z,20.02
2024-10-02T17:50:00.000Z,14.08
2024-10-02T17:45:00.000Z,13.54
2024-10-02T17:40:00.000Z,12.08
2024-10-02T17:35:00.000Z,12.08
2024-10-02T17:30:00.000Z,12.05
2024-10-02T17:25:00.000Z,12.05
2024-10-02T17:20:00.000Z,12.04
2024-10-02T17:05:00.000Z,12
2024-10-02T16:45:00.000Z,12.08
2024-10-02T16:35:00.000Z,12.06
2024-10-02T16:25:00.000Z,12.02
2024-10-02T16:15:00.000Z,13.03
2024-10-02T16:05:00.000Z,12.575
2024-10-02T15:55:00.000Z,13.01
2024-10-02T15:50:00.000Z,14.015
2024-10-02T15:40:00.000Z,13.07
2024-10-02T15:35:00.000Z,15.03
2024-10-02T15:25:00.000Z,13.565000000000001
2024-10-02T15:20:00.000Z,12.02
2024-10-02T15:00:00.000Z,12.07
2024-10-02T14:55:00.000Z,11.09
2024-10-02T14:45:00.000Z,12.01
2024-10-02T14:30:00.000Z,12.07
2024-10-02T14:25:00.000Z,12.02
2024-10-02T14:20:00.000Z,12.04
2024-10-02T14:10:00.000Z,12.07
2024-10-02T13:55:00.000Z,12.04
2024-10-02T13:50:00.000Z,12.08
2024-10-02T13:40:00.000Z,12.05
2024-10-02T13:15:00.000Z,11.09
2024-10-02T13:05:00.000Z,12
2024-10-02T12:55:00.000Z,12.02
2024-10-02T12:50:00.000Z,11.535
2024-10-02T12:35:00.000Z,11.05
2024-10-02T12:30:00.000Z,12.04
2024-10-02T12:10:00.000Z,11.565
2024-10-02T11:55:00.000Z,13.02
2024-10-02T11:50:00.000Z,12.02
2024-10-02T11:35:00.000Z,13.03
2024-10-02T11:30:00.000Z,12.545
2024-10-02T11:20:00.000Z,12.05
2024-10-02T11:15:00.000Z,13.02
2024-10-02T11:10:00.000Z,13.06
2024-10-02T11:05:00.000Z,12.54
2024-10-02T10:55:00.000Z,12.545
2024-10-02T10:45:00.000Z,13.02
2024-10-02T10:40:00.000Z,12.09
2024-10-02T10:30:00.000Z,11.55
2024-10-02T10:20:00.000Z,11.09
2024-10-02T10:05:00.000Z,12.02
2024-10-02T09:55:00.000Z,11.01
2024-10-02T09:45:00.000Z,11.06
2024-10-02T09:40:00.000Z,10.09
2024-10-02T09:35:00.000Z,10.04
2024-10-02T09:15:00.000Z,10
2024-10-02T09:10:00.000Z,9.09
2024-10-02T09:00:00.000Z,10.02
2024-10-02T08:55:00.000Z,9.07
2024-10-02T08:50:00.000Z,10.02
2024-10-02T08:30:00.000Z,10.05
2024-10-02T08:20:00.000Z,8.09
2024-10-02T08:10:00.000Z,8.059999999999999
2024-10-02T07:45:00.000Z,9.06
2024-10-02T07:40:00.000Z,9.01
2024-10-02T07:25:00.000Z,8.06
2024-10-02T07:15:00.000Z,8.07
2024-10-02T06:55:00.000Z,8.01
2024-10-02T06:50:00.000Z,8.04
2024-10-02T06:40:00.000Z,8.03
2024-10-02T06:25:00.000Z,8.06
2024-10-02T06:00:00.000Z,8.08
2024-10-02T05:55:00.000Z,10
2024-10-02T05:50:00.000Z,10.01
2024-10-02T05:40:00.000Z,11.04
2024-10-02T05:35:00.000Z,11.05
2024-10-02T05:30:00.000Z,10.07
2024-10-02T05:25:00.000Z,12.04
2024-10-02T05:20:00.000Z,13.05
2024-10-02T05:10:00.000Z,14.08
2024-10-02T05:05:00.000Z,14
2024-10-02T05:00:00.000Z,13.07
2024-10-02T04:50:00.000Z,14.07
2024-10-02T04:45:00.000Z,14.07
2024-10-02T04:40:00.000Z,14.04
2024-10-02T04:35:00.000Z,13.09
2024-10-02T04:30:00.000Z,14.04
2024-10-02T04:15:00.000Z,14.07
2024-10-02T04:10:00.000Z,16.06
2024-10-02T03:55:00.000Z,15.02
2024-10-02T03:50:00.000Z,14
2024-10-02T03:45:00.000Z,14.05
2024-10-02T03:40:00.000Z,14.01
2024-10-02T03:30:00.000Z,14.09
2024-10-02T03:25:00.000Z,13.08
2024-10-02T03:20:00.000Z,14
2024-10-02T03:15:00.000Z,14.01
2024-10-02T03:10:00.000Z,15.06
2024-10-02T03:05:00.000Z,15.04
2024-10-02T03:00:00.000Z,14.06
2024-10-02T02:55:00.000Z,15.03
2024-10-02T02:50:00.000Z,16.06
2024-10-02T02:40:00.000Z,17
2024-10-02T02:30:00.000Z,18.07
2024-10-02T02:25:00.000Z,19.07
2024-10-02T02:20:00.000Z,19.04
2024-10-02T02:15:00.000Z,18.05
2024-10-02T02:10:00.000Z,19.01
2024-10-02T01:55:00.000Z,22.03
2024-10-02T01:50:00.000Z,22.08
2024-10-02T01:35:00.000Z,22.04
2024-10-02T01:30:00.000Z,22.06
2024-10-02T01:25:00.000Z,23.02
2024-10-02T01:20:00.000Z,23.03
2024-10-02T01:15:00.000Z,22.09
2024-10-02T01:10:00.000Z,26
2024-10-02T01:00:00.000Z,26.03
2024-10-02T00:55:00.000Z,29.05
2024-10-02T00:50:00.000Z,30.01
2024-10-02T00:45:00.000Z,27.05
2024-10-02T00:40:00.000Z,29.05
2024-10-02T00:35:00.000Z,30.06
2024-10-02T00:30:00.000Z,31.07
2024-10-02T00:20:00.000Z,31.02
2024-10-02T00:15:00.000Z,31.04
2024-10-02T00:10:00.000Z,31.02
2024-10-02T00:05:00.000Z,31.01
2024-10-02T00:00:00.000Z,34.05
2024-10-01T23:55:00.000Z,34.07
2024-10-01T23:50:00.000Z,35.05
2024-10-01T23:45:00.000Z,35.06
2024-10-01T23:40:00.000Z,38.04
2024-10-01T23:35:00.000Z,35
2024-10-01T23:30:00.000Z,35.05
2024-10-01T23:25:00.000Z,37.01
2024-10-01T23:20:00.000Z,34.09
2024-10-01T22:50:00.000Z,20.05
2024-10-01T22:45:00.000Z,17.06
2024-10-01T22:40:00.000Z,17.08
2024-10-01T22:35:00.000Z,18.07
2024-10-01T22:25:00.000Z,16.07
2024-10-01T22:20:00.000Z,16.09
2024-10-01T22:15:00.000Z,16.04
2024-10-01T22:05:00.000Z,15.08
2024-10-01T22:00:00.000Z,15.01
2024-10-01T21:55:00.000Z,15.05
2024-10-01T21:45:00.000Z,16.01
2024-10-01T21:35:00.000Z,15.04
2024-10-01T21:25:00.000Z,14.02
2024-10-01T21:20:00.000Z,14.09
2024-10-01T21:15:00.000Z,15
2024-10-01T21:10:00.000Z,14.07
2024-10-01T21:05:00.000Z,14.03
2024-10-01T21:00:00.000Z,15
2024-10-01T20:55:00.000Z,13.08
2024-10-01T20:50:00.000Z,14.05
2024-10-01T20:45:00.000Z,14.07
2024-10-01T20:40:00.000Z,13.03
2024-10-01T20:35:00.000Z,13.01
2024-10-01T20:30:00.000Z,13.02
2024-10-01T20:25:00.000Z,13.02
2024-10-01T20:20:00.000Z,12.06
2024-10-01T20:15:00.000Z,12.08
2024-10-01T20:10:00.000Z,13.07
2024-10-01T20:05:00.000Z,11.03
2024-10-01T20:00:00.000Z,12.02
2024-10-01T19:55:00.000Z,13
2024-10-01T19:50:00.000Z,11.05
2024-10-01T19:45:00.000Z,11.07
2024-10-01T19:40:00.000Z,11.08
2024-10-01T19:35:00.000Z,11.01
2024-10-01T19:30:00.000Z,11.03
2024-10-01T19:25:00.000Z,11.06
2024-10-01T19:20:00.000Z,10.07
2024-10-01T19:15:00.000Z,10.03
2024-10-01T19:10:00.000Z,9.03
2024-10-01T19:05:00.000Z,10.01
2024-10-01T18:45:00.000Z,8.08
2024-10-01T18:40:00.000Z,7.07
2024-10-01T18:35:00.000Z,7.06
2024-10-01T18:25:00.000Z,6.09
2024-10-01T18:20:00.000Z,6.06
2024-10-01T18:15:00.000Z,5.09
2024-10-01T18:10:00.000Z,5.08
2024-10-01T17:50:00.000Z,4.08
2024-10-01T17:45:00.000Z,5.04
2024-10-01T17:40:00.000Z,5.01
2024-10-01T17:35:00.000Z,4.09
2024-10-01T17:30:00.000Z,4.03
2024-10-01T17:25:00.000Z,4.06
2024-10-01T17:20:00.000Z,4.06
2024-10-01T17:15:00.000Z,4.05
2024-10-01T17:10:00.000Z,3.09
2024-10-01T17:05:00.000Z,3.05
2024-10-01T17:00:00.000Z,3.03
2024-10-01T16:50:00.000Z,3.0300000000000002
2024-10-01T16:45:00.000Z,3.04
2024-10-01T16:40:00.000Z,3.06
2024-10-01T16:35:00.000Z,3.05
2024-10-01T16:30:00.000Z,2.08
2024-10-01T16:15:00.000Z,2.05
2024-10-01T16:10:00.000Z,2.01
2024-10-01T16:05:00.000Z,2.08
2024-10-01T16:00:00.000Z,3.03
2024-10-01T15:55:00.000Z,1.07
2024-10-01T15:50:00.000Z,2
2024-10-01T15:45:00.000Z,1.09
2024-10-01T15:40:00.000Z,2.02
2024-10-01T15:35:00.000Z,3.03
2024-10-01T15:30:00.000Z,1.09
2024-10-01T15:25:00.000Z,2
2024-10-01T15:15:00.000Z,1.08
2024-10-01T15:10:00.000Z,1.09
2024-10-01T15:05:00.000Z,1.08
2024-10-01T15:00:00.000Z,1.06
2024-10-01T14:55:00.000Z,1.07
2024-10-01T14:50:00.000Z,2.01
2024-10-01T14:45:00.000Z,1.09
2024-10-01T14:40:00.000Z,1.07
2024-10-01T14:35:00.000Z,1.09
2024-10-01T14:30:00.000Z,1.07
2024-10-01T14:25:00.000Z,1.09
2024-10-01T14:15:00.000Z,1.08
2024-10-01T14:10:00.000Z,2.02
2024-10-01T14:05:00.000Z,3.05
2024-10-01T13:40:00.000Z,1.05
2024-10-01T13:30:00.000Z,1.07
2024-10-01T13:25:00.000Z,1.09
2024-10-01T13:20:00.000Z,1.06
2024-10-01T13:15:00.000Z,1.07
2024-10-01T13:10:00.000Z,1.06
2024-10-01T13:05:00.000Z,1.07
2024-10-01T13:00:00.000Z,2.01
2024-10-01T12:45:00.000Z,1.07
2024-10-01T12:40:00.000Z,1.03
2024-10-01T12:35:00.000Z,1.06
2024-10-01T12:15:00.000Z,1.06
2024-10-01T12:00:00.000Z,1.05
2024-10-01T11:55:00.000Z,1.06
2024-10-01T11:50:00.000Z,1.06
2024-10-01T11:30:00.000Z,1.03
2024-10-01T11:25:00.000Z,1.02
2024-10-01T11:20:00.000Z,1.03
2024-10-01T11:10:00.000Z,1.05
2024-10-01T11:05:00.000Z,1.02
2024-10-01T10:50:00.000Z,1.05
2024-10-01T10:45:00.000Z,1.05
2024-10-01T10:40:00.000Z,1.04
2024-10-01T10:35:00.000Z,1.08
2024-10-01T10:05:00.000Z,1.03
2024-10-01T10:00:00.000Z,1.01
2024-10-01T09:55:00.000Z,1.05
2024-10-01T09:50:00.000Z,1.02
2024-10-01T09:20:00.000Z,1.03
2024-10-01T09:10:00.000Z,1
2024-10-01T09:05:00.000Z,1.06
2024-10-01T09:00:00.000Z,1.04
2024-10-01T08:55:00.000Z,1.03
2024-10-01T08:50:00.000Z,1.02
2024-10-01T08:40:00.000Z,1.06
2024-10-01T08:35:00.000Z,1.07
2024-10-01T08:30:00.000Z,1.05
2024-10-01T08:25:00.000Z,1.06
2024-10-01T08:15:00.000Z,1.06
2024-10-01T07:45:00.000Z,1.05
2024-10-01T07:30:00.000Z,2.01
2024-10-01T07:10:00.000Z,2.01
2024-10-01T07:05:00.000Z,1.07
2024-10-01T06:55:00.000Z,1.08
2024-10-01T06:50:00.000Z,1.04
2024-10-01T06:35:00.000Z,1.03
2024-10-01T06:30:00.000Z,1.03
2024-10-01T06:25:00.000Z,1.06
2024-10-01T06:15:00.000Z,1.04
2024-10-01T06:10:00.000Z,1.09
2024-10-01T05:30:00.000Z,1.08
2024-10-01T05:25:00.000Z,1.04
2024-10-01T05:05:00.000Z,2
2024-10-01T05:00:00.000Z,2.01
2024-10-01T04:55:00.000Z,1.06
2024-10-01T04:50:00.000Z,1.04
2024-10-01T04:45:00.000Z,1.09
2024-10-01T04:40:00.000Z,2.03
2024-10-01T04:35:00.000Z,3
2024-10-01T04:30:00.000Z,2.09
2024-10-01T04:25:00.000Z,2.07
2024-10-01T04:20:00.000Z,2.09
2024-10-01T04:15:00.000Z,3.04
2024-10-01T04:10:00.000Z,3.01
2024-10-01T04:05:00.000Z,3.02
2024-10-01T03:55:00.000Z,3.06
2024-10-01T03:50:00.000Z,2.08
2024-10-01T03:45:00.000Z,3.08
2024-10-01T03:35:00.000Z,1.08
2024-10-01T03:30:00.000Z,2.06
2024-10-01T03:25:00.000Z,2.02
2024-10-01T03:15:00.000Z,1.02
2024-10-01T03:10:00.000Z,1.01
2024-10-01T03:00:00.000Z,0.09
2024-10-01T02:55:00.000Z,1.04
2024-10-01T02:50:00.000Z,1.04
2024-10-01T02:45:00.000Z,1.02
2024-10-01T02:40:00.000Z,1.02
2024-10-01T02:35:00.000Z,1.04
2024-10-01T02:30:00.000Z,1.01
2024-10-01T02:20:00.000Z,1.07
2024-10-01T02:15:00.000Z,1.07
2024-10-01T02:05:00.000Z,2.01
2024-10-01T01:55:00.000Z,2.01
2024-10-01T01:45:00.000Z,2
2024-10-01T01:40:00.000Z,2.07
2024-10-01T01:30:00.000Z,2.06
2024-10-01T01:05:00.000Z,4.02
2024-10-01T00:55:00.000Z,2.09
2024-10-01T00:50:00.000Z,2.08
2024-10-01T00:45:00.000Z,3.05
2024-10-01T00:40:00.000Z,3.02
2024-10-01T00:35:00.000Z,3.06
2024-10-01T00:15:00.000Z,3.05
2024-10-01T00:10:00.000Z,3.06
2024-10-01T00:05:00.000Z,4.03
2024-09-30T23:25:00.000Z,2.07
2024-09-30T23:20:00.000Z,2.02
2024-09-30T23:10:00.000Z,2.01
2024-09-30T22:55:00.000Z,1.09
2024-09-30T22:50:00.000Z,1.06
2024-09-30T22:45:00.000Z,1.04
2024-09-30T22:35:00.000Z,1.01
2024-09-30T22:05:00.000Z,1.0550000000000002
2024-09-30T21:50:00.000Z,1.07
2024-09-30T21:35:00.000Z,1.07
2024-09-30T21:25:00.000Z,2
2024-09-30T21:15:00.000Z,2.02
2024-09-30T21:10:00.000Z,2
2024-09-30T21:05:00.000Z,1.08
2024-09-30T21:00:00.000Z,2.03
2024-09-30T20:55:00.000Z,1.09
2024-09-30T20:50:00.000Z,2.03
2024-09-30T20:25:00.000Z,2.09
2024-09-30T20:20:00.000Z,2.01
2024-09-30T20:15:00.000Z,2.04
2024-09-30T20:10:00.000Z,2.05
2024-09-30T20:05:00.000Z,2.04
2024-09-30T20:00:00.000Z,2.05
2024-09-30T19:50:00.000Z,3.04
2024-09-30T19:45:00.000Z,3.08
2024-09-30T19:35:00.000Z,3.05
2024-09-30T19:30:00.000Z,3.02
2024-09-30T19:25:00.000Z,3.04
2024-09-30T19:20:00.000Z,3.05
2024-09-30T19:15:00.000Z,3.04
2024-09-30T18:55:00.000Z,4.06
2024-09-30T18:45:00.000Z,4.529999999999999
2024-09-30T18:40:00.000Z,4.03
2024-09-30T18:35:00.000Z,4.01
2024-09-30T18:30:00.000Z,5.03
2024-09-30T18:25:00.000Z,5
2024-09-30T18:20:00.000Z,3.06
2024-09-30T18:15:00.000Z,3.05
2024-09-30T18:10:00.000Z,3.04
2024-09-30T18:05:00.000Z,3.02
2024-09-30T17:55:00.000Z,4.05
2024-09-30T17:45:00.000Z,4.01
2024-09-30T17:35:00.000Z,3.08
2024-09-30T17:30:00.000Z,3.03
2024-09-30T17:25:00.000Z,4.02
2024-09-30T17:20:00.000Z,4.06
2024-09-30T17:15:00.000Z,3.08
2024-09-30T17:10:00.000Z,3.07
2024-09-30T16:55:00.000Z,3.07
2024-09-30T16:50:00.000Z,3.06
2024-09-30T16:45:00.000Z,4.03
2024-09-30T16:40:00.000Z,4.03
2024-09-30T16:35:00.000Z,4.05
2024-09-30T16:30:00.000Z,4.02
2024-09-30T16:05:00.000Z,4.03
2024-09-30T15:55:00.000Z,6.5649999999999995
2024-09-30T15:30:00.000Z,8.05
2024-09-30T15:25:00.000Z,10.01
2024-09-30T15:20:00.000Z,5.08
2024-09-30T15:15:00.000Z,6
2024-09-30T15:05:00.000Z,6.04
2024-09-30T15:00:00.000Z,24.07
2024-09-30T14:55:00.000Z,4
2024-09-30T14:50:00.000Z,3.02
2024-09-30T14:45:00.000Z,3.03
2024-09-30T14:40:00.000Z,4.02
2024-09-30T14:35:00.000Z,3.07
2024-09-30T14:30:00.000Z,6.02
2024-09-30T14:25:00.000Z,8.05
2024-09-30T14:20:00.000Z,5.06
2024-09-30T14:15:00.000Z,7.04
2024-09-30T14:05:00.000Z,6.03
2024-09-30T14:00:00.000Z,4.03
2024-09-30T13:55:00.000Z,7.02
2024-09-30T13:40:00.000Z,3
2024-09-30T13:35:00.000Z,2.04
2024-09-30T13:30:00.000Z,1.08
2024-09-30T13:25:00.000Z,2.06
2024-09-30T13:20:00.000Z,3.06
2024-09-30T13:15:00.000Z,3.03
2024-09-30T12:35:00.000Z,2.06
2024-09-30T12:30:00.000Z,2.05
2024-09-30T12:25:00.000Z,3
2024-09-30T12:20:00.000Z,2.04
2024-09-30T12:15:00.000Z,3.01
2024-09-30T12:10:00.000Z,3.01
2024-09-30T12:05:00.000Z,2.09
2024-09-30T12:00:00.000Z,2.08
2024-09-30T11:55:00.000Z,4.05
2024-09-30T11:50:00.000Z,3.03
2024-09-30T11:45:00.000Z,3.06
2024-09-30T11:35:00.000Z,2.03
2024-09-30T11:30:00.000Z,2.05
2024-09-30T11:25:00.000Z,3.03
2024-09-30T10:55:00.000Z,2.07
2024-09-30T10:45:00.000Z,2.02
2024-09-30T10:40:00.000Z,2
2024-09-30T10:35:00.000Z,2.08
2024-09-30T10:30:00.000Z,2.02
2024-09-30T10:05:00.000Z,2.05
2024-09-30T10:00:00.000Z,2.01
2024-09-30T09:55:00.000Z,2.03
2024-09-30T09:50:00.000Z,2.01
2024-09-30T09:45:00.000Z,2.03
2024-09-30T09:40:00.000Z,2.09
2024-09-30T09:35:00.000Z,2.04
2024-09-30T09:30:00.000Z,2.09
2024-09-30T09:20:00.000Z,2.01
2024-09-30T09:10:00.000Z,2.06
2024-09-30T09:05:00.000Z,2.09
2024-09-30T09:00:00.000Z,3.03
2024-09-30T08:55:00.000Z,3.02
2024-09-30T08:50:00.000Z,2.08
2024-09-30T08:35:00.000Z,3
2024-09-30T08:30:00.000Z,3.06
2024-09-30T08:10:00.000Z,2.05
2024-09-30T08:05:00.000Z,2.09
2024-09-30T08:00:00.000Z,2.04
2024-09-30T07:55:00.000Z,2.04
2024-09-30T07:50:00.000Z,2.01
2024-09-30T07:45:00.000Z,2
2024-09-30T07:40:00.000Z,1.08
2024-09-30T07:20:00.000Z,1.05
2024-09-30T07:15:00.000Z,1.05
2024-09-30T07:10:00.000Z,1.06
2024-09-30T07:00:00.000Z,1.07
2024-09-30T06:50:00.000Z,1.06
2024-09-30T06:45:00.000Z,1.04
2024-09-30T06:40:00.000Z,1.06
2024-09-30T06:35:00.000Z,1.07
2024-09-30T06:15:00.000Z,1.01
2024-09-30T06:10:00.000Z,1.08
2024-09-30T05:45:00.000Z,1.08
2024-09-30T05:35:00.000Z,1.06
2024-09-30T05:30:00.000Z,1.04
2024-09-30T05:25:00.000Z,2.04
2024-09-30T05:20:00.000Z,1.07
2024-09-30T05:10:00.000Z,1.07
2024-09-30T05:05:00.000Z,1.08
2024-09-30T05:00:00.000Z,1.07
2024-09-30T04:55:00.000Z,1.06
2024-09-30T04:50:00.000Z,1.09
2024-09-30T04:45:00.000Z,1.07
2024-09-30T04:40:00.000Z,1.06
2024-09-30T04:30:00.000Z,1.04
2024-09-30T04:25:00.000Z,1.02
2024-09-30T03:55:00.000Z,1.02
2024-09-30T03:50:00.000Z,1.01
2024-09-30T03:45:00.000Z,0.08
2024-09-30T03:40:00.000Z,0.08
2024-09-30T03:30:00.000Z,0.09
2024-09-30T03:25:00.000Z,0.07
2024-09-30T03:15:00.000Z,1.01
2024-09-30T03:10:00.000Z,0.09
2024-09-30T03:05:00.000Z,0.09
2024-09-30T02:55:00.000Z,0.09
2024-09-30T02:50:00.000Z,1.02
2024-09-30T02:45:00.000Z,1.04
2024-09-30T02:40:00.000Z,1.01
2024-09-30T02:35:00.000Z,1.02
2024-09-30T02:30:00.000Z,1.03
2024-09-30T02:25:00.000Z,1.04
2024-09-30T02:20:00.000Z,1.03
2024-09-30T02:15:00.000Z,0.09
2024-09-30T02:10:00.000Z,1.02
2024-09-30T02:05:00.000Z,1.08
2024-09-30T01:50:00.000Z,1.045
2024-09-30T01:45:00.000Z,1.02
2024-09-30T01:40:00.000Z,1.01
2024-09-30T01:35:00.000Z,1.02
2024-09-30T01:30:00.000Z,1
2024-09-30T01:25:00.000Z,1.04
2024-09-30T01:10:00.000Z,1.06
2024-09-30T01:05:00.000Z,2
2024-09-30T01:00:00.000Z,1.09
2024-09-30T00:35:00.000Z,1.06
2024-09-30T00:30:00.000Z,1.02
2024-09-30T00:20:00.000Z,1.04
2024-09-30T00:15:00.000Z,1.02
2024-09-30T00:10:00.000Z,1.01
2024-09-30T00:05:00.000Z,0.09
2024-09-30T00:00:00.000Z,1.03
2024-09-29T23:55:00.000Z,1.03
2024-09-29T23:40:00.000Z,1.03
2024-09-29T23:35:00.000Z,1.02
2024-09-29T23:30:00.000Z,1.03
2024-09-29T23:25:00.000Z,1.02
2024-09-29T23:00:00.000Z,1.04
2024-09-29T22:50:00.000Z,1.08
2024-09-29T22:45:00.000Z,2
2024-09-29T22:25:00.000Z,2.04
2024-09-29T22:20:00.000Z,2.02
2024-09-29T22:15:00.000Z,2.05
2024-09-29T22:10:00.000Z,2.05
2024-09-29T22:00:00.000Z,3.01
2024-09-29T21:50:00.000Z,3.01
2024-09-29T21:45:00.000Z,3.04
2024-09-29T21:40:00.000Z,3.05
2024-09-29T21:35:00.000Z,3.04
2024-09-29T21:30:00.000Z,4.08
2024-09-29T21:25:00.000Z,4.09
2024-09-29T20:20:00.000Z,7.06
2024-09-29T19:55:00.000Z,9.06
2024-09-29T19:50:00.000Z,8.09
2024-09-29T19:30:00.000Z,11.05
2024-09-29T19:20:00.000Z,9.055
2024-09-29T19:15:00.000Z,8.06
2024-09-29T19:10:00.000Z,9.05
2024-09-29T19:05:00.000Z,10.02
2024-09-29T19:00:00.000Z,10.02
2024-09-29T18:55:00.000Z,10.05
2024-09-29T18:50:00.000Z,11.09
2024-09-29T18:25:00.000Z,12.09
2024-09-29T18:15:00.000Z,14.06
2024-09-29T18:05:00.000Z,15.05
2024-09-29T18:00:00.000Z,14.07
2024-09-29T17:55:00.000Z,16.03
2024-09-29T17:50:00.000Z,19.02
2024-09-29T17:45:00.000Z,21.08
2024-09-29T17:40:00.000Z,36.05
2024-09-29T17:35:00.000Z,29.01
2024-09-29T17:30:00.000Z,18.03
2024-09-29T17:25:00.000Z,16.08
2024-09-29T17:20:00.000Z,16.09
2024-09-29T17:15:00.000Z,16.06
2024-09-29T17:10:00.000Z,15.04
2024-09-29T17:05:00.000Z,18.03
2024-09-29T17:00:00.000Z,17.05
2024-09-29T16:55:00.000Z,16.08
2024-09-29T16:50:00.000Z,19.09
2024-09-29T16:45:00.000Z,18.04
2024-09-29T16:40:00.000Z,19.06
2024-09-29T16:35:00.000Z,22.03
2024-09-29T16:25:00.000Z,29.04
2024-09-29T16:20:00.000Z,23.04
2024-09-29T15:50:00.000Z,21
2024-09-29T15:45:00.000Z,21.03
2024-09-29T15:35:00.000Z,22.03
2024-09-29T14:45:00.000Z,16
2024-09-29T13:25:00.000Z,21.02
2024-09-29T11:45:00.000Z,23.08
2024-09-29T11:40:00.000Z,23.07
2024-09-29T11:10:00.000Z,25.03
2024-09-29T10:25:00.000Z,24.03
2024-09-29T10:20:00.000Z,24.02
2024-09-29T09:45:00.000Z,26.07
2024-09-29T09:35:00.000Z,25.09
2024-09-29T09:30:00.000Z,25.08
2024-09-29T09:25:00.000Z,26.02
2024-09-29T09:15:00.000Z,25.09
2024-09-29T09:10:00.000Z,26.02
2024-09-29T09:05:00.000Z,25
2024-09-29T09:00:00.000Z,28
2024-09-29T08:55:00.000Z,26.06
2024-09-29T08:50:00.000Z,27.03
2024-09-29T08:40:00.000Z,26.54
2024-09-29T08:35:00.000Z,25.08
2024-09-29T08:30:00.000Z,27.04
2024-09-29T08:20:00.000Z,28.06
2024-09-29T08:15:00.000Z,28.03
2024-09-29T08:10:00.000Z,28.09
2024-09-29T08:05:00.000Z,27.05
2024-09-29T08:00:00.000Z,29.02
2024-09-29T07:55:00.000Z,29.07
2024-09-29T07:50:00.000Z,30.07
2024-09-29T07:45:00.000Z,31.02
2024-09-29T07:40:00.000Z,32.03
2024-09-29T07:35:00.000Z,34.06
2024-09-29T07:30:00.000Z,30.09
2024-09-29T07:25:00.000Z,33
2024-09-29T07:15:00.000Z,24.03
2024-09-29T07:10:00.000Z,27
2024-09-29T07:05:00.000Z,23
2024-09-29T07:00:00.000Z,23.03
2024-09-29T06:55:00.000Z,23.06
2024-09-29T06:50:00.000Z,24.02
2024-09-29T06:45:00.000Z,33
2024-09-29T06:40:00.000Z,28.03
2024-09-29T06:35:00.000Z,31.04
2024-09-29T06:25:00.000Z,34.03
2024-09-29T06:20:00.000Z,31
2024-09-29T06:15:00.000Z,31.02
2024-09-29T06:05:00.000Z,31.09
2024-09-29T06:00:00.000Z,34.05
2024-09-29T05:55:00.000Z,36.04
2024-09-29T05:50:00.000Z,33.03
2024-09-29T05:45:00.000Z,37.06
2024-09-29T05:40:00.000Z,44.01
2024-09-29T05:35:00.000Z,43.06
2024-09-29T05:30:00.000Z,36.04
2024-09-29T05:20:00.000Z,37.03
2024-09-29T05:15:00.000Z,34.04
2024-09-29T05:05:00.000Z,44.07
2024-09-29T04:55:00.000Z,35.04
2024-09-29T04:45:00.000Z,37.03
2024-09-29T04:40:00.000Z,37.06
2024-09-29T04:35:00.000Z,37.08
2024-09-29T04:30:00.000Z,36
2024-09-29T04:25:00.000Z,32.01
2024-09-29T04:20:00.000Z,34.09
2024-09-29T04:15:00.000Z,35.04
2024-09-29T04:10:00.000Z,35.07
2024-09-29T04:05:00.000Z,34
2024-09-29T04:00:00.000Z,34.02
2024-09-29T03:55:00.000Z,34.09
2024-09-29T03:50:00.000Z,35
2024-09-29T03:45:00.000Z,35.05
2024-09-29T03:40:00.000Z,34.07
2024-09-29T03:20:00.000Z,34.03
2024-09-29T03:15:00.000Z,36
2024-09-29T03:10:00.000Z,34.07
2024-09-29T03:05:00.000Z,35.05
2024-09-29T03:00:00.000Z,35.07
2024-09-29T02:50:00.000Z,32.05
2024-09-29T02:45:00.000Z,35.03
2024-09-29T02:40:00.000Z,35.06
2024-09-29T02:25:00.000Z,37.08
2024-09-29T02:20:00.000Z,37.07
2024-09-29T02:15:00.000Z,40.01
2024-09-29T02:10:00.000Z,39.01
2024-09-29T02:05:00.000Z,32.09
2024-09-29T02:00:00.000Z,33.03
2024-09-29T01:55:00.000Z,34.02
2024-09-29T01:50:00.000Z,42.05
2024-09-29T01:45:00.000Z,30.05
2024-09-29T01:40:00.000Z,31.02
2024-09-29T01:35:00.000Z,32.04
2024-09-29T01:30:00.000Z,34.02
2024-09-29T01:20:00.000Z,37.06
2024-09-29T01:15:00.000Z,37.04
2024-09-29T01:05:00.000Z,40.05
2024-09-29T00:55:00.000Z,40.01
2024-09-29T00:50:00.000Z,39.01
2024-09-29T00:45:00.000Z,41
2024-09-29T00:40:00.000Z,42.03
2024-09-29T00:35:00.000Z,40.04
2024-09-29T00:30:00.000Z,42.02
2024-09-29T00:25:00.000Z,39
2024-09-29T00:20:00.000Z,42.07
2024-09-29T00:15:00.000Z,40.08
2024-09-29T00:10:00.000Z,40.06
2024-09-29T00:05:00.000Z,40.02
2024-09-29T00:00:00.000Z,42.04
2024-09-28T23:50:00.000Z,41
2024-09-28T23:45:00.000Z,41.05
2024-09-28T23:35:00.000Z,43.01
2024-09-28T23:30:00.000Z,40.08
2024-09-28T23:25:00.000Z,41.05
2024-09-28T23:10:00.000Z,42.02
2024-09-28T23:05:00.000Z,40.03
2024-09-28T22:55:00.000Z,42.02
2024-09-28T22:45:00.000Z,43.04
2024-09-28T22:40:00.000Z,45
2024-09-28T22:35:00.000Z,43
2024-09-28T22:25:00.000Z,41.09
2024-09-28T22:20:00.000Z,41.05
2024-09-28T22:15:00.000Z,41.02
2024-09-28T22:10:00.000Z,50.07
2024-09-28T22:05:00.000Z,43
2024-09-28T22:00:00.000Z,42.03
2024-09-28T21:50:00.000Z,40.07
2024-09-28T21:45:00.000Z,39.08
2024-09-28T21:40:00.000Z,38.06
2024-09-28T21:35:00.000Z,39.03
2024-09-28T21:30:00.000Z,40.05
2024-09-28T21:25:00.000Z,41.01
2024-09-28T21:20:00.000Z,38.07
2024-09-28T21:15:00.000Z,38.09
2024-09-28T21:10:00.000Z,37.07
2024-09-28T21:05:00.000Z,40.09
2024-09-28T20:55:00.000Z,41.05
2024-09-28T20:50:00.000Z,42.07
2024-09-28T20:35:00.000Z,44.02
2024-09-28T20:30:00.000Z,53.02
2024-09-28T20:25:00.000Z,53.01
2024-09-28T20:15:00.000Z,60.02
2024-09-28T20:10:00.000Z,67.05
2024-09-28T20:05:00.000Z,67.02
2024-09-28T19:50:00.000Z,65.03
2024-09-28T19:35:00.000Z,60.07
2024-09-28T19:30:00.000Z,59.07
2024-09-28T19:25:00.000Z,64.08
2024-09-28T19:15:00.000Z,53.55
2024-09-28T19:10:00.000Z,52.05
2024-09-28T18:55:00.000Z,52.07
2024-09-28T18:50:00.000Z,55.09
2024-09-28T18:40:00.000Z,59.08
2024-09-28T18:35:00.000Z,57.01
2024-09-28T18:30:00.000Z,46.08
2024-09-28T18:25:00.000Z,45.03
2024-09-28T18:20:00.000Z,47.08
2024-09-28T18:05:00.000Z,38.04
2024-09-28T18:00:00.000Z,35.05
2024-09-28T17:55:00.000Z,35.04
2024-09-28T17:50:00.000Z,31.05
2024-09-28T17:45:00.000Z,29.06
2024-09-28T17:30:00.000Z,23.09
2024-09-28T17:20:00.000Z,23.04
2024-09-28T17:15:00.000Z,22.07
2024-09-28T17:10:00.000Z,22.05
2024-09-28T17:05:00.000Z,20.08
2024-09-28T17:00:00.000Z,19.06
2024-09-28T16:55:00.000Z,19.04
2024-09-28T16:50:00.000Z,21.07
2024-09-28T16:45:00.000Z,16.06
2024-09-28T16:40:00.000Z,17.04
2024-09-28T16:35:00.000Z,16.06
2024-09-28T16:25:00.000Z,15.08
2024-09-28T16:20:00.000Z,25.09
2024-09-28T16:15:00.000Z,27.01
2024-09-28T15:55:00.000Z,16.01
2024-09-28T15:35:00.000Z,23
2024-09-28T15:30:00.000Z,49.07
2024-09-28T15:20:00.000Z,20.01
2024-09-28T15:15:00.000Z,73.08
2024-09-28T15:00:00.000Z,25.05
2024-09-28T14:55:00.000Z,23.06
2024-09-28T14:50:00.000Z,23
2024-09-28T14:45:00.000Z,20.05
2024-09-28T14:40:00.000Z,27.02
2024-09-28T14:35:00.000Z,21.01
2024-09-28T14:30:00.000Z,21.07
2024-09-28T14:10:00.000Z,19.09
2024-09-28T14:05:00.000Z,20.01
2024-09-28T14:00:00.000Z,20.03
2024-09-28T13:55:00.000Z,21.01
2024-09-28T13:50:00.000Z,22.06
2024-09-28T13:45:00.000Z,23.03
2024-09-28T13:30:00.000Z,22.03
2024-09-28T13:20:00.000Z,22.06
2024-09-28T13:05:00.000Z,23.03
2024-09-28T13:00:00.000Z,22.07
2024-09-28T12:50:00.000Z,22.09
2024-09-28T12:45:00.000Z,25.02
2024-09-28T12:35:00.000Z,21.06
2024-09-28T12:20:00.000Z,18.01
2024-09-28T11:55:00.000Z,16.06
2024-09-28T11:45:00.000Z,16
2024-09-28T11:40:00.000Z,15.03
2024-09-28T11:35:00.000Z,14.07
2024-09-28T11:30:00.000Z,16.08
2024-09-28T11:05:00.000Z,17.02
2024-09-28T10:45:00.000Z,16.01
2024-09-28T10:40:00.000Z,16.06
2024-09-28T10:35:00.000Z,17
2024-09-28T10:25:00.000Z,17.02
2024-09-28T09:55:00.000Z,41.03
2024-09-28T09:45:00.000Z,50.02
2024-09-28T09:40:00.000Z,50.08
2024-09-28T09:35:00.000Z,54.07
2024-09-28T09:30:00.000Z,54.04
2024-09-28T08:50:00.000Z,66.01
2024-09-28T08:45:00.000Z,69.07
2024-09-28T08:40:00.000Z,74.07
2024-09-28T08:35:00.000Z,60.07
2024-09-28T08:30:00.000Z,66.02
2024-09-28T08:15:00.000Z,68.05
2024-09-28T08:05:00.000Z,64.03
2024-09-28T08:00:00.000Z,63.03
2024-09-28T07:50:00.000Z,59.02
2024-09-28T07:45:00.000Z,57.04
2024-09-28T07:30:00.000Z,55.09
2024-09-28T07:25:00.000Z,49.03
2024-09-28T07:15:00.000Z,39.04
2024-09-28T07:10:00.000Z,35.07
2024-09-28T07:05:00.000Z,44.04
2024-09-28T06:45:00.000Z,42.07
2024-09-28T06:40:00.000Z,43.08
2024-09-28T06:35:00.000Z,44.06
2024-09-28T06:30:00.000Z,42
2024-09-28T06:25:00.000Z,44.09
2024-09-28T06:20:00.000Z,44
2024-09-28T06:10:00.000Z,52.06
2024-09-28T06:05:00.000Z,53.02
2024-09-28T06:00:00.000Z,64.04
2024-09-28T05:55:00.000Z,75.06
2024-09-28T05:50:00.000Z,87.04
2024-09-28T05:45:00.000Z,89.01
2024-09-28T05:40:00.000Z,79.05
2024-09-28T05:35:00.000Z,79.07
2024-09-28T05:30:00.000Z,83.04
2024-09-28T05:25:00.000Z,81.07
2024-09-28T05:20:00.000Z,82.07
2024-09-28T05:15:00.000Z,77.04
2024-09-28T05:10:00.000Z,72.01
2024-09-28T05:05:00.000Z,69.05
2024-09-28T05:00:00.000Z,66.03
2024-09-28T04:55:00.000Z,68.06
2024-09-28T04:50:00.000Z,55.09
2024-09-28T04:45:00.000Z,60.06
2024-09-28T04:40:00.000Z,54.07
2024-09-28T04:35:00.000Z,48.04
2024-09-28T04:30:00.000Z,45.08
2024-09-28T04:25:00.000Z,45.05
2024-09-28T04:15:00.000Z,44.08
2024-09-28T04:10:00.000Z,50.02
2024-09-28T04:05:00.000Z,61.09
2024-09-28T04:00:00.000Z,57.01
2024-09-28T03:55:00.000Z,49.02
2024-09-28T03:50:00.000Z,40.09
2024-09-28T03:45:00.000Z,40.01
2024-09-28T03:40:00.000Z,43
2024-09-28T03:35:00.000Z,45.05
2024-09-28T03:30:00.000Z,51.09
2024-09-28T03:25:00.000Z,43.09
2024-09-28T03:20:00.000Z,40.02
2024-09-28T03:15:00.000Z,38
2024-09-28T03:10:00.000Z,37.02
2024-09-28T03:05:00.000Z,37.01
2024-09-28T03:00:00.000Z,40.09
2024-09-28T02:55:00.000Z,46.05
2024-09-28T02:50:00.000Z,41.02
2024-09-28T02:45:00.000Z,39
2024-09-28T02:40:00.000Z,39.03
2024-09-28T02:35:00.000Z,38.04
2024-09-28T02:30:00.000Z,40.02
2024-09-28T02:25:00.000Z,36.01
2024-09-28T02:20:00.000Z,34.05
2024-09-28T02:15:00.000Z,35.08
2024-09-28T02:10:00.000Z,35.05
2024-09-28T02:05:00.000Z,33.07
2024-09-28T02:00:00.000Z,36.02
2024-09-28T01:55:00.000Z,34.09
2024-09-28T01:50:00.000Z,36
2024-09-28T01:45:00.000Z,35.03
2024-09-28T01:40:00.000Z,35.08
2024-09-28T01:35:00.000Z,33
2024-09-28T01:30:00.000Z,34.03
2024-09-28T01:25:00.000Z,34.02
2024-09-28T01:20:00.000Z,31.07
2024-09-28T01:15:00.000Z,31.05
2024-09-28T01:10:00.000Z,31.07
2024-09-28T01:05:00.000Z,31.07
2024-09-28T01:00:00.000Z,31.08
2024-09-28T00:55:00.000Z,33.04
2024-09-28T00:50:00.000Z,34
2024-09-28T00:45:00.000Z,36.03
2024-09-28T00:40:00.000Z,35.06
2024-09-28T00:35:00.000Z,29.03
2024-09-28T00:30:00.000Z,28.03
2024-09-28T00:25:00.000Z,36.04
2024-09-28T00:20:00.000Z,42.07
2024-09-28T00:05:00.000Z,58.04
2024-09-28T00:00:00.000Z,59.02
2024-09-27T23:55:00.000Z,60.07
2024-09-27T23:50:00.000Z,57
2024-09-27T23:45:00.000Z,55.02
2024-09-27T23:40:00.000Z,57.05
2024-09-27T23:35:00.000Z,59.08
2024-09-27T23:30:00.000Z,61
2024-09-27T23:25:00.000Z,64.05
2024-09-27T23:20:00.000Z,62.09
2024-09-27T23:15:00.000Z,65.09
2024-09-27T23:10:00.000Z,67.03
2024-09-27T23:05:00.000Z,75.07
2024-09-27T22:55:00.000Z,79.03
2024-09-27T22:50:00.000Z,66.05
2024-09-27T22:45:00.000Z,65.03
2024-09-27T22:40:00.000Z,60.01
2024-09-27T22:35:00.000Z,52.03
2024-09-27T22:30:00.000Z,51.09
2024-09-27T22:25:00.000Z,47.04
2024-09-27T22:20:00.000Z,47.06
2024-09-27T22:15:00.000Z,43.06
2024-09-27T22:10:00.000Z,47.06
2024-09-27T22:05:00.000Z,54.08
2024-09-27T22:00:00.000Z,47.05
2024-09-27T21:55:00.000Z,44.03
2024-09-27T21:50:00.000Z,44.02
2024-09-27T21:45:00.000Z,51.02
2024-09-27T21:40:00.000Z,48.07
2024-09-27T21:30:00.000Z,55
2024-09-27T21:25:00.000Z,47.06
2024-09-27T21:20:00.000Z,51.07
2024-09-27T21:15:00.000Z,50.01
2024-09-27T21:10:00.000Z,51.03
2024-09-27T21:05:00.000Z,48.05
2024-09-27T21:00:00.000Z,50.08
2024-09-27T20:55:00.000Z,48.07
2024-09-27T20:30:00.000Z,55.08
2024-09-27T20:20:00.000Z,67.09
2024-09-27T20:15:00.000Z,66.05
2024-09-27T20:10:00.000Z,53.02
2024-09-27T20:05:00.000Z,47.07
2024-09-27T20:00:00.000Z,42.03
2024-09-27T19:55:00.000Z,48.04
2024-09-27T19:50:00.000Z,37.06
2024-09-27T19:45:00.000Z,37.02
2024-09-27T19:40:00.000Z,30.05
2024-09-27T19:35:00.000Z,28.07
2024-09-27T19:30:00.000Z,39.05
2024-09-27T19:25:00.000Z,38.08
2024-09-27T19:20:00.000Z,36.04
2024-09-27T19:15:00.000Z,32.08
2024-09-27T18:55:00.000Z,34.01
2024-09-27T18:50:00.000Z,36.04
2024-09-27T18:45:00.000Z,38.08
2024-09-27T18:35:00.000Z,30.08
2024-09-27T18:30:00.000Z,29.08
2024-09-27T18:20:00.000Z,27.02
2024-09-27T18:15:00.000Z,26.04
2024-09-27T18:10:00.000Z,29.01
2024-09-27T18:05:00.000Z,33.02
2024-09-27T18:00:00.000Z,39.08
2024-09-27T17:55:00.000Z,48.07
2024-09-27T17:45:00.000Z,62.01
2024-09-27T17:40:00.000Z,41.06
2024-09-27T17:20:00.000Z,32.01
2024-09-27T17:15:00.000Z,26.05
2024-09-27T17:10:00.000Z,18.02
2024-09-27T17:05:00.000Z,22.05
2024-09-27T17:00:00.000Z,22.06
2024-09-27T16:55:00.000Z,11.09
2024-09-27T16:50:00.000Z,12.07
2024-09-27T16:35:00.000Z,13.03
2024-09-27T16:30:00.000Z,12.02
2024-09-27T16:25:00.000Z,11
2024-09-27T16:20:00.000Z,11.06
2024-09-27T16:15:00.000Z,11.06
2024-09-27T16:10:00.000Z,11
2024-09-27T16:05:00.000Z,11.03
2024-09-27T15:55:00.000Z,10.08
2024-09-27T15:50:00.000Z,12.04
2024-09-27T15:45:00.000Z,11.03
2024-09-27T15:40:00.000Z,12
2024-09-27T15:35:00.000Z,11.07
2024-09-27T15:30:00.000Z,11.05
2024-09-27T15:25:00.000Z,10.08
2024-09-27T15:20:00.000Z,12
2024-09-27T15:15:00.000Z,10.08
2024-09-27T15:10:00.000Z,10.07
2024-09-27T15:05:00.000Z,12.01
2024-09-27T15:00:00.000Z,11.07
2024-09-27T14:55:00.000Z,11.09
2024-09-27T14:50:00.000Z,16.01
2024-09-27T14:45:00.000Z,16.03
2024-09-27T14:40:00.000Z,12
2024-09-27T14:35:00.000Z,14.09
2024-09-27T14:30:00.000Z,11.09
2024-09-27T14:25:00.000Z,12.07
2024-09-27T14:20:00.000Z,12.09
2024-09-27T14:15:00.000Z,12.06
2024-09-27T14:10:00.000Z,12.08
2024-09-27T14:05:00.000Z,13.04
2024-09-27T14:00:00.000Z,12.09
2024-09-27T13:55:00.000Z,12.08
2024-09-27T13:50:00.000Z,11.06
2024-09-27T13:35:00.000Z,12.04
2024-09-27T13:30:00.000Z,12.07
2024-09-27T13:25:00.000Z,12.05
2024-09-27T13:20:00.000Z,16.09
2024-09-27T13:15:00.000Z,11.08
2024-09-27T13:10:00.000Z,13.01
2024-09-27T13:05:00.000Z,12.06
2024-09-27T13:00:00.000Z,12.02
2024-09-27T12:55:00.000Z,12.07
2024-09-27T12:50:00.000Z,12.05
2024-09-27T12:45:00.000Z,11.09
2024-09-27T12:40:00.000Z,12.06
2024-09-27T12:35:00.000Z,13.01
2024-09-27T12:30:00.000Z,12
2024-09-27T12:25:00.000Z,10.09
2024-09-27T12:20:00.000Z,12.08
2024-09-27T12:15:00.000Z,12.05
2024-09-27T12:10:00.000Z,12.03
2024-09-27T12:05:00.000Z,13.07
2024-09-27T12:00:00.000Z,14.03
2024-09-27T11:50:00.000Z,11.08
2024-09-27T11:45:00.000Z,11.01
2024-09-27T11:40:00.000Z,18.03
2024-09-27T11:35:00.000Z,11.04
2024-09-27T11:30:00.000Z,10.02
2024-09-27T11:25:00.000Z,11.01
2024-09-27T11:20:00.000Z,13.04
2024-09-27T11:15:00.000Z,9.07
2024-09-27T11:10:00.000Z,9.06
2024-09-27T11:00:00.000Z,9.04
2024-09-27T10:55:00.000Z,11.06
2024-09-27T10:50:00.000Z,15.06